Date,price
02/04/2019,4879.87793
03/04/2019,4973.021973
04/04/2019,4922.798828
05/04/2019,5036.681152
06/04/2019,5059.817383
07/04/2019,5198.896973
08/04/2019,5289.770996
09/04/2019,5204.958496
10/04/2019,5324.551758
11/04/2019,5064.487793
12/04/2019,5089.539063
13/04/2019,5096.586426
14/04/2019,5167.722168
15/04/2019,5067.108398
16/04/2019,5235.55957
17/04/2019,5251.937988
18/04/2019,5298.385742
19/04/2019,5303.8125
20/04/2019,5337.88623
21/04/2019,5314.53125
22/04/2019,5399.365234
23/04/2019,5572.362305
24/04/2019,5464.866699
25/04/2019,5210.515625
26/04/2019,5279.348145
27/04/2019,5268.291016
28/04/2019,5285.13916
29/04/2019,5247.352539
30/04/2019,5350.726563
01/05/2019,5402.697266
02/05/2019,5505.283691
03/05/2019,5768.289551
04/05/2019,5831.16748
05/05/2019,5795.708496
06/05/2019,5746.807129
07/05/2019,5829.501465
08/05/2019,5982.45752
09/05/2019,6174.528809
10/05/2019,6378.849121
11/05/2019,7204.771484
12/05/2019,6972.371582
13/05/2019,7814.915039
14/05/2019,7994.416016
15/05/2019,8205.167969
16/05/2019,7884.90918
17/05/2019,7343.895508
18/05/2019,7271.208008
19/05/2019,8197.689453
20/05/2019,7978.309082
21/05/2019,7963.327637
22/05/2019,7680.066406
23/05/2019,7881.84668
24/05/2019,7987.371582
25/05/2019,8052.543945
26/05/2019,8673.21582
27/05/2019,8805.77832
28/05/2019,8719.961914
29/05/2019,8659.487305
30/05/2019,8319.472656
31/05/2019,8574.501953
01/06/2019,8564.016602
02/06/2019,8742.958008
03/06/2019,8208.995117
04/06/2019,7707.770996
05/06/2019,7824.231445
06/06/2019,7822.023438
07/06/2019,8043.951172
08/06/2019,7954.12793
09/06/2019,7688.077148
10/06/2019,8000.32959
11/06/2019,7927.714355
12/06/2019,8145.857422
13/06/2019,8230.923828
14/06/2019,8693.833008
15/06/2019,8838.375
16/06/2019,8994.488281
17/06/2019,9320.352539
18/06/2019,9081.762695
19/06/2019,9273.521484
20/06/2019,9527.160156
21/06/2019,10144.55664
22/06/2019,10701.69141
23/06/2019,10855.37109
24/06/2019,11011.10254
25/06/2019,11790.91699
26/06/2019,13016.23145
27/06/2019,11182.80664
28/06/2019,12407.33203
29/06/2019,11959.37109
30/06/2019,10817.15527
01/07/2019,10583.13477
02/07/2019,10801.67773
03/07/2019,11961.26953
04/07/2019,11215.4375
05/07/2019,10978.45996
06/07/2019,11208.55078
07/07/2019,11450.84668
08/07/2019,12285.95801
09/07/2019,12573.8125
10/07/2019,12156.5127
11/07/2019,11358.66211
12/07/2019,11815.98633
13/07/2019,11392.37891
14/07/2019,10256.05859
15/07/2019,10895.08984
16/07/2019,9477.641602
17/07/2019,9693.802734
18/07/2019,10666.48242
19/07/2019,10530.73242
20/07/2019,10767.13965
21/07/2019,10599.10547
22/07/2019,10343.10645
23/07/2019,9900.767578
24/07/2019,9811.925781
25/07/2019,9911.841797
26/07/2019,9870.303711
27/07/2019,9477.677734
28/07/2019,9552.860352
29/07/2019,9519.145508
30/07/2019,9607.423828
31/07/2019,10085.62793
01/08/2019,10399.66895
02/08/2019,10518.17481
03/08/2019,10821.72656
04/08/2019,10970.18457
05/08/2019,11805.65332
06/08/2019,11478.16895
07/08/2019,11941.96875
08/08/2019,11966.40723
09/08/2019,11862.93652
10/08/2019,11354.02441
11/08/2019,11523.5791
12/08/2019,11382.61621
13/08/2019,10895.83008
14/08/2019,10051.7041
15/08/2019,10311.5459
16/08/2019,10374.33887
17/08/2019,10231.74414
18/08/2019,10345.81055
19/08/2019,10916.05371
20/08/2019,10763.23242
21/08/2019,10138.04981
22/08/2019,10131.05566
23/08/2019,10407.96484
24/08/2019,10159.96094
25/08/2019,10138.51758
26/08/2019,10370.82031
27/08/2019,10185.5
28/08/2019,9754.422852
29/08/2019,9510.200195
30/08/2019,9598.173828
31/08/2019,9630.664063
01/09/2019,9757.970703
02/09/2019,10346.76074
03/09/2019,10623.54004
04/09/2019,10594.49316
05/09/2019,10575.5332
06/09/2019,10353.30273
07/09/2019,10517.25488
08/09/2019,10441.27637
09/09/2019,10334.97461
10/09/2019,10115.97559
11/09/2019,10178.37207
12/09/2019,10410.12695
13/09/2019,10360.54688
14/09/2019,10358.04883
15/09/2019,10347.71289
16/09/2019,10276.79395
17/09/2019,10241.27246
18/09/2019,10198.24805
19/09/2019,10266.41504
20/09/2019,10181.6416
21/09/2019,10019.7168
22/09/2019,10070.39258
23/09/2019,9729.324219
24/09/2019,8620.566406
25/09/2019,8486.993164
26/09/2019,8118.967773
27/09/2019,8251.845703
28/09/2019,8245.915039
29/09/2019,8104.185547
30/09/2019,8293.868164
01/10/2019,8343.276367
02/10/2019,8393.041992
03/10/2019,8259.992188
04/10/2019,8205.939453
05/10/2019,8151.500488
06/10/2019,7988.155762
07/10/2019,8245.623047
08/10/2019,8228.783203
09/10/2019,8595.740234
10/10/2019,8586.473633
11/10/2019,8321.756836
12/10/2019,8336.555664
13/10/2019,8321.005859
14/10/2019,8374.686523
15/10/2019,8205.369141
16/10/2019,8047.526855
17/10/2019,8103.911133
18/10/2019,7973.20752
19/10/2019,7988.560547
20/10/2019,8222.078125
21/10/2019,8243.720703
22/10/2019,8078.203125
23/10/2019,7514.671875
24/10/2019,7493.48877
25/10/2019,8660.700195
26/10/2019,9244.972656
27/10/2019,9551.714844
28/10/2019,9256.148438
29/10/2019,9427.6875
30/10/2019,9205.726563
31/10/2019,9199.584961
01/11/2019,9261.104492
02/11/2019,9324.717773
03/11/2019,9235.354492
04/11/2019,9412.612305
05/11/2019,9342.527344
06/11/2019,9360.879883
07/11/2019,9267.561523
08/11/2019,8804.880859
09/11/2019,8813.582031
10/11/2019,9055.526367
11/11/2019,8757.788086
12/11/2019,8815.662109
13/11/2019,8808.262695
14/11/2019,8708.094727
15/11/2019,8491.992188
16/11/2019,8550.760742
17/11/2019,8577.975586
18/11/2019,8309.286133
19/11/2019,8206.145508
20/11/2019,8027.268066
21/11/2019,7642.75
22/11/2019,7296.577637
23/11/2019,7397.796875
24/11/2019,7047.916992
25/11/2019,7146.133789
26/11/2019,7218.371094
27/11/2019,7531.663574
28/11/2019,7463.105957
29/11/2019,7761.243652
30/11/2019,7569.629883
01/12/2019,7424.29248
02/12/2019,7321.988281
03/12/2019,7320.145508
04/12/2019,7252.034668
05/12/2019,7448.307617
06/12/2019,7546.996582
07/12/2019,7556.237793
08/12/2019,7564.345215
09/12/2019,7400.899414
10/12/2019,7278.119629
11/12/2019,7217.427246
12/12/2019,7243.134277
13/12/2019,7269.68457
14/12/2019,7124.673828
15/12/2019,7152.301758
16/12/2019,6932.480469
17/12/2019,6640.515137
18/12/2019,7276.802734
19/12/2019,7202.844238
20/12/2019,7218.816406
21/12/2019,7191.158691
22/12/2019,7511.588867
23/12/2019,7355.628418
24/12/2019,7322.532227
25/12/2019,7275.155762
26/12/2019,7238.966797
27/12/2019,7290.088379
28/12/2019,7317.990234
29/12/2019,7422.652832
30/12/2019,7292.995117
31/12/2019,7193.599121
01/01/2020,7200.174316
02/01/2020,6985.470215
03/01/2020,7344.884277
04/01/2020,7410.656738
05/01/2020,7411.317383
06/01/2020,7769.219238
07/01/2020,8163.692383
08/01/2020,8079.862793
09/01/2020,7879.071289
10/01/2020,8166.554199
11/01/2020,8037.537598
12/01/2020,8192.494141
13/01/2020,8144.194336
14/01/2020,8827.764648
15/01/2020,8807.010742
16/01/2020,8723.786133
17/01/2020,8929.038086
18/01/2020,8942.808594
19/01/2020,8706.245117
20/01/2020,8657.642578
21/01/2020,8745.894531
22/01/2020,8680.875977
23/01/2020,8406.515625
24/01/2020,8445.43457
25/01/2020,8367.847656
26/01/2020,8596.830078
27/01/2020,8909.819336
28/01/2020,9358.589844
29/01/2020,9316.629883
30/01/2020,9508.993164
31/01/2020,9350.529297
01/02/2020,9392.875
02/02/2020,9344.365234
03/02/2020,9293.521484
04/02/2020,9180.962891
05/02/2020,9613.423828
06/02/2020,9729.801758
07/02/2020,9795.943359
08/02/2020,9865.119141
09/02/2020,10116.67383
10/02/2020,9856.611328
11/02/2020,10208.23633
12/02/2020,10326.05469
13/02/2020,10214.37988
14/02/2020,10312.11621
15/02/2020,9889.424805
16/02/2020,9934.433594
17/02/2020,9690.142578
18/02/2020,10141.99609
19/02/2020,9633.386719
20/02/2020,9608.475586
21/02/2020,9686.441406
22/02/2020,9663.181641
23/02/2020,9924.515625
24/02/2020,9650.174805
25/02/2020,9341.705078
26/02/2020,8820.522461
27/02/2020,8784.494141
28/02/2020,8672.455078
29/02/2020,8599.508789
01/03/2020,8562.454102
02/03/2020,8869.669922
03/03/2020,8787.786133
04/03/2020,8755.246094
05/03/2020,9078.762695
06/03/2020,9122.545898
07/03/2020,8909.954102
08/03/2020,8108.116211
09/03/2020,7923.644531
10/03/2020,7909.729492
11/03/2020,7911.430176
12/03/2020,4970.788086
13/03/2020,5563.707031
14/03/2020,5200.366211
15/03/2020,5392.314941
16/03/2020,5014.47998
17/03/2020,5225.629395
18/03/2020,5238.438477
19/03/2020,6191.192871
20/03/2020,6198.77832
21/03/2020,6185.066406
22/03/2020,5830.254883
23/03/2020,6416.314941
24/03/2020,6734.803711
25/03/2020,6681.062988
26/03/2020,6716.44043
27/03/2020,6469.79834
28/03/2020,6242.193848
29/03/2020,5922.042969
30/03/2020,6429.841797
31/03/2020,6438.644531
01/04/2020,6606.776367
02/04/2020,6793.624512
03/04/2020,6733.387207
04/04/2020,6867.527344
05/04/2020,6791.129395
06/04/2020,7271.78125
07/04/2020,7176.414551
08/04/2020,7334.098633
09/04/2020,7302.089355
10/04/2020,6865.493164
11/04/2020,6859.083008
12/04/2020,6971.091797
13/04/2020,6845.037598
14/04/2020,6842.427734
15/04/2020,6642.109863
16/04/2020,7116.804199
17/04/2020,7096.18457
18/04/2020,7257.665039
19/04/2020,7189.424805
20/04/2020,6881.958496
21/04/2020,6880.323242
22/04/2020,7117.20752
23/04/2020,7429.724609
24/04/2020,7550.900879
25/04/2020,7569.936035
26/04/2020,7679.867188
27/04/2020,7795.601074
28/04/2020,7807.058594
29/04/2020,8801.038086
30/04/2020,8658.553711
01/05/2020,8864.766602
02/05/2020,8988.59668
03/05/2020,8897.46875
04/05/2020,8912.654297
05/05/2020,9003.070313
06/05/2020,9268.761719
07/05/2020,9951.518555
08/05/2020,9842.666016
09/05/2020,9593.896484
10/05/2020,8756.430664
11/05/2020,8601.795898
12/05/2020,8804.477539
13/05/2020,9269.987305
14/05/2020,9733.72168
15/05/2020,9328.197266
16/05/2020,9377.013672
17/05/2020,9670.739258
18/05/2020,9726.575195
19/05/2020,9729.038086
20/05/2020,9522.981445
21/05/2020,9081.761719
22/05/2020,9182.577148
23/05/2020,9209.287109
24/05/2020,8790.368164
25/05/2020,8906.93457
26/05/2020,8835.052734
27/05/2020,9181.017578
28/05/2020,9525.750977
29/05/2020,9439.124023
30/05/2020,9700.414063
31/05/2020,9461.058594
01/06/2020,10167.26856
02/06/2020,9529.803711
03/06/2020,9656.717773
04/06/2020,9800.636719
05/06/2020,9665.533203
06/06/2020,9653.679688
07/06/2020,9758.852539
08/06/2020,9771.489258
09/06/2020,9795.700195
10/06/2020,9870.094727
11/06/2020,9321.78125
12/06/2020,9480.84375
13/06/2020,9475.277344
14/06/2020,9386.788086
15/06/2020,9450.702148
16/06/2020,9538.024414
17/06/2020,9480.254883
18/06/2020,9411.84082
19/06/2020,9288.018555
20/06/2020,9332.34082
21/06/2020,9303.629883
22/06/2020,9648.717773
23/06/2020,9629.658203
24/06/2020,9313.610352
25/06/2020,9264.813477
26/06/2020,9162.917969
27/06/2020,9045.390625
28/06/2020,9143.582031
29/06/2020,9190.854492
30/06/2020,9137.993164
01/07/2020,9228.325195
02/07/2020,9123.410156
03/07/2020,9087.303711
04/07/2020,9132.488281
05/07/2020,9073.942383
06/07/2020,9375.474609
07/07/2020,9252.277344
08/07/2020,9428.333008
09/07/2020,9277.967773
10/07/2020,9278.807617
11/07/2020,9240.34668
12/07/2020,9276.5
13/07/2020,9243.614258
14/07/2020,9243.213867
15/07/2020,9192.836914
16/07/2020,9132.227539
17/07/2020,9151.392578
18/07/2020,9159.040039
19/07/2020,9185.817383
20/07/2020,9164.231445
21/07/2020,9374.887695
22/07/2020,9525.363281
23/07/2020,9581.072266
24/07/2020,9536.892578
25/07/2020,9677.113281
26/07/2020,9905.166992
27/07/2020,10990.87305
28/07/2020,10912.82324
29/07/2020,11100.46777
30/07/2020,11111.21387
31/07/2020,11323.4668
01/08/2020,11759.59277
02/08/2020,11053.61426
03/08/2020,11246.34863
04/08/2020,11205.89258
05/08/2020,11747.02246
06/08/2020,11779.77344
07/08/2020,11601.47266
08/08/2020,11754.0459
09/08/2020,11675.73926
10/08/2020,11878.11133
11/08/2020,11410.52539
12/08/2020,11584.93457
13/08/2020,11784.1377
14/08/2020,11768.87109
15/08/2020,11865.69824
16/08/2020,11892.80371
17/08/2020,12254.40234
18/08/2020,11991.2334
19/08/2020,11758.2832
20/08/2020,11878.37207
21/08/2020,11592.48926
22/08/2020,11681.8252
23/08/2020,11664.84766
24/08/2020,11774.5957
25/08/2020,11366.13477
26/08/2020,11488.36328
27/08/2020,11323.39746
28/08/2020,11542.5
29/08/2020,11506.86523
30/08/2020,11711.50586
31/08/2020,11680.82031
01/09/2020,11970.47852
02/09/2020,11414.03418
03/09/2020,10245.29688
04/09/2020,10511.81348
05/09/2020,10169.56738
06/09/2020,10280.35156
07/09/2020,10369.56348
08/09/2020,10131.5166
09/09/2020,10242.34766
10/09/2020,10363.13867
11/09/2020,10400.91504
12/09/2020,10442.1709
13/09/2020,10323.75586
14/09/2020,10680.83789
15/09/2020,10796.95117
16/09/2020,10974.90527
17/09/2020,10948.99023
18/09/2020,10944.58594
19/09/2020,11094.34668
20/09/2020,10938.27148
21/09/2020,10462.25977
22/09/2020,10538.45996
23/09/2020,10246.18652
24/09/2020,10760.06641
25/09/2020,10692.7168
26/09/2020,10750.72363
27/09/2020,10775.26953
28/09/2020,10709.65234
29/09/2020,10844.64063
30/09/2020,10784.49121
01/10/2020,10619.45215
02/10/2020,10575.97461
03/10/2020,10549.3291
04/10/2020,10669.58301
05/10/2020,10793.33984
06/10/2020,10604.40625
07/10/2020,10668.96875
08/10/2020,10915.68555
09/10/2020,11064.45801
10/10/2020,11296.36133
11/10/2020,11384.18164
12/10/2020,11555.36328
13/10/2020,11425.89941
14/10/2020,11429.50684
15/10/2020,11495.34961
16/10/2020,11322.12305
17/10/2020,11358.10156
18/10/2020,11483.35938
19/10/2020,11742.03711
20/10/2020,11916.33496
21/10/2020,12823.68945
22/10/2020,12965.8916
23/10/2020,12931.53906
24/10/2020,13108.0625
25/10/2020,13031.17383
26/10/2020,13075.24805
27/10/2020,13654.21875
28/10/2020,13271.28516
29/10/2020,13437.88281
30/10/2020,13546.52246
31/10/2020,13780.99512
01/11/2020,13737.10938
02/11/2020,13550.48926
03/11/2020,13950.30078
04/11/2020,14133.70703
05/11/2020,15579.84863
06/11/2020,15565.88086
07/11/2020,14833.75391
08/11/2020,15479.56738
09/11/2020,15332.31543
10/11/2020,15290.90234
11/11/2020,15701.33984
12/11/2020,16276.34375
13/11/2020,16317.80859
14/11/2020,16068.13867
15/11/2020,15955.58789
16/11/2020,16716.11133
17/11/2020,17645.40625
18/11/2020,17804.00586
19/11/2020,17817.08984
20/11/2020,18621.31445
21/11/2020,18642.23242
22/11/2020,18370.00195
23/11/2020,18364.12109
24/11/2020,19107.46484
25/11/2020,18732.12109
26/11/2020,17150.62305
27/11/2020,17108.40234
28/11/2020,17717.41406
29/11/2020,18177.48438
30/11/2020,19625.83594
01/12/2020,18802.99805
02/12/2020,19201.0918
03/12/2020,19445.39844
04/12/2020,18699.76563
05/12/2020,19154.23047
06/12/2020,19345.12109
07/12/2020,19191.63086
08/12/2020,18321.14453
09/12/2020,18553.91602
10/12/2020,18264.99219
11/12/2020,18058.9043
12/12/2020,18803.65625
13/12/2020,19142.38281
14/12/2020,19246.64453
15/12/2020,19417.07617
16/12/2020,21310.59766
17/12/2020,22805.16211
18/12/2020,23137.96094
19/12/2020,23869.83203
20/12/2020,23477.29492
21/12/2020,22803.08203
22/12/2020,23783.0293
23/12/2020,23241.3457
24/12/2020,23735.94922
25/12/2020,24664.79102
26/12/2020,26437.03711
27/12/2020,26272.29492
28/12/2020,27084.80859
29/12/2020,27362.4375
30/12/2020,28840.95313
31/12/2020,29001.7207
01/01/2021,29374.15234
02/01/2021,32127.26758
03/01/2021,32782.02344
04/01/2021,31971.91406
05/01/2021,33992.42969
06/01/2021,36824.36328
07/01/2021,39371.04297
08/01/2021,40797.60938
09/01/2021,40254.54688
10/01/2021,38356.44141
11/01/2021,35566.65625
12/01/2021,33922.96094
13/01/2021,37316.35938
14/01/2021,39187.32813
15/01/2021,36825.36719
16/01/2021,36178.14063
17/01/2021,35791.27734
18/01/2021,36630.07422
19/01/2021,36069.80469
20/01/2021,35547.75
21/01/2021,30825.69922
22/01/2021,33005.76172
23/01/2021,32067.64258
24/01/2021,32289.37891
25/01/2021,32366.39258
26/01/2021,32569.84961
27/01/2021,30432.54688
28/01/2021,33466.09766
29/01/2021,34316.38672
30/01/2021,34269.52344
31/01/2021,33114.35938
01/02/2021,33537.17578
02/02/2021,35510.28906
03/02/2021,37472.08984
04/02/2021,36926.06641
05/02/2021,38144.30859
06/02/2021,39266.01172
07/02/2021,38903.44141
08/02/2021,46196.46484
09/02/2021,46481.10547
10/02/2021,44918.18359
11/02/2021,47909.33203
12/02/2021,47504.85156
13/02/2021,47105.51563
14/02/2021,48717.28906
15/02/2021,47945.05859
16/02/2021,49199.87109
17/02/2021,52149.00781
18/02/2021,51679.79688
19/02/2021,55888.13281
20/02/2021,56099.51953
21/02/2021,57539.94531
22/02/2021,54207.32031
23/02/2021,48824.42578
24/02/2021,49705.33203
25/02/2021,47093.85156
26/02/2021,46339.76172
27/02/2021,46188.45313
28/02/2021,45137.76953
01/03/2021,49631.24219
02/03/2021,48378.98828
03/03/2021,50538.24219
04/03/2021,48561.16797
05/03/2021,48927.30469
06/03/2021,48912.38281
07/03/2021,51206.69141
08/03/2021,52246.52344
09/03/2021,54824.11719
10/03/2021,56008.55078
11/03/2021,57805.12109
12/03/2021,57332.08984
13/03/2021,61243.08594
14/03/2021,59302.31641
15/03/2021,55907.19922
16/03/2021,56804.90234
17/03/2021,58870.89453
18/03/2021,57858.92188
19/03/2021,58346.65234
20/03/2021,58313.64453
21/03/2021,57523.42188
22/03/2021,54529.14453
23/03/2021,54738.94531
24/03/2021,52774.26563
25/03/2021,51704.16016
26/03/2021,55137.3125
27/03/2021,55973.51172
28/03/2021,55950.74609
29/03/2021,57750.19922
30/03/2021,58917.69141
31/03/2021,58918.83203
01/04/2021,59095.80859
02/04/2021,59384.3125
03/04/2021,57603.89063
04/04/2021,58758.55469
05/04/2021,59057.87891
06/04/2021,58192.35938
07/04/2021,56048.9375
08/04/2021,58323.95313
09/04/2021,58245.00391
10/04/2021,59793.23438
11/04/2021,60204.96484
12/04/2021,59893.45313
13/04/2021,63503.45703
14/04/2021,63109.69531
15/04/2021,63314.01172
16/04/2021,61572.78906
17/04/2021,60683.82031
18/04/2021,56216.18359
19/04/2021,55724.26563
20/04/2021,56473.03125
21/04/2021,53906.08984
22/04/2021,51762.27344
23/04/2021,51093.65234
24/04/2021,50050.86719
25/04/2021,49004.25391
26/04/2021,54021.75391
27/04/2021,55033.11719
28/04/2021,54824.70313
29/04/2021,53555.10938
30/04/2021,57750.17578
01/05/2021,57828.05078
02/05/2021,56631.07813
03/05/2021,57200.29297
04/05/2021,53333.53906
05/05/2021,57424.00781
06/05/2021,56396.51563
07/05/2021,57356.40234
08/05/2021,58803.77734
09/05/2021,58232.31641
10/05/2021,55859.79688
11/05/2021,56704.57422
12/05/2021,49150.53516
13/05/2021,49716.19141
14/05/2021,49880.53516
15/05/2021,46760.1875
16/05/2021,46456.05859
17/05/2021,43537.51172
18/05/2021,42909.40234
19/05/2021,37002.44141
20/05/2021,40782.73828
21/05/2021,37304.69141
22/05/2021,37536.63281
23/05/2021,34770.58203
24/05/2021,38705.98047
25/05/2021,38402.22266
26/05/2021,39294.19922
27/05/2021,38436.96875
28/05/2021,35697.60547
29/05/2021,34616.06641
30/05/2021,35678.12891
31/05/2021,37332.85547
01/06/2021,36684.92578
02/06/2021,37575.17969
03/06/2021,39208.76563
04/06/2021,36894.40625
05/06/2021,35551.95703
06/06/2021,35862.37891
07/06/2021,33560.70703
08/06/2021,33472.63281
09/06/2021,37345.12109
10/06/2021,36702.59766
11/06/2021,37334.39844
12/06/2021,35552.51563
13/06/2021,39097.85938
14/06/2021,40218.47656
15/06/2021,40406.26953
16/06/2021,38347.0625
17/06/2021,38053.50391
18/06/2021,35787.24609
19/06/2021,35615.87109
20/06/2021,35698.29688
21/06/2021,31676.69336
22/06/2021,32505.66016
23/06/2021,33723.02734
24/06/2021,34662.4375
25/06/2021,31637.7793
26/06/2021,32186.27734
27/06/2021,34649.64453
28/06/2021,34434.33594
29/06/2021,35867.77734
30/06/2021,35040.83594
01/07/2021,33572.11719
02/07/2021,33897.04688
03/07/2021,34668.54688
04/07/2021,35287.78125
05/07/2021,33746.00391
06/07/2021,34235.19531
07/07/2021,33855.32813
08/07/2021,32877.37109
09/07/2021,33798.01172
10/07/2021,33520.51953
11/07/2021,34240.1875
12/07/2021,33155.84766
13/07/2021,32702.02539
14/07/2021,32822.34766
15/07/2021,31780.73047
16/07/2021,31421.53906
17/07/2021,31533.06836
18/07/2021,31796.81055
19/07/2021,30817.83203
20/07/2021,29807.34766
21/07/2021,32110.69336
22/07/2021,32313.10547
23/07/2021,33581.55078
24/07/2021,34292.44531
25/07/2021,35350.1875
26/07/2021,37337.53516
27/07/2021,39406.94141
28/07/2021,39995.90625
29/07/2021,40008.42188
30/07/2021,42235.54688
31/07/2021,41626.19531
01/08/2021,39974.89453
02/08/2021,39201.94531
03/08/2021,38152.98047
04/08/2021,39747.50391
05/08/2021,40869.55469
06/08/2021,42816.5
07/08/2021,44555.80078
08/08/2021,43798.11719
09/08/2021,46365.40234
10/08/2021,45585.03125
11/08/2021,45593.63672
12/08/2021,44428.28906
13/08/2021,47793.32031
14/08/2021,47096.94531
15/08/2021,47047.00391
16/08/2021,46004.48438
17/08/2021,44695.35938
18/08/2021,44801.1875
19/08/2021,46717.57813
20/08/2021,49339.17578
21/08/2021,48905.49219
22/08/2021,49321.65234
23/08/2021,49546.14844
24/08/2021,47706.11719
25/08/2021,48960.78906
26/08/2021,46942.21875
27/08/2021,49058.66797
28/08/2021,48902.40234
29/08/2021,48829.83203
30/08/2021,47054.98438
31/08/2021,47166.6875
01/09/2021,48847.02734
02/09/2021,49327.72266
03/09/2021,50025.375
04/09/2021,49944.625
05/09/2021,51753.41016
06/09/2021,52633.53516
07/09/2021,46811.12891
08/09/2021,46091.39063
09/09/2021,46391.42188
10/09/2021,44883.91016
11/09/2021,45201.45703
12/09/2021,46063.26953
13/09/2021,44963.07422
14/09/2021,47092.49219
15/09/2021,48176.34766
16/09/2021,47783.35938
17/09/2021,47267.51953
18/09/2021,48278.36328
19/09/2021,47260.21875
20/09/2021,42843.80078
21/09/2021,40693.67578
22/09/2021,43574.50781
23/09/2021,44895.09766
24/09/2021,42839.75
25/09/2021,42716.59375
26/09/2021,43208.53906
27/09/2021,42235.73047
28/09/2021,41034.54297
29/09/2021,41564.36328
30/09/2021,43790.89453
01/10/2021,48116.94141
02/10/2021,47711.48828
03/10/2021,48199.95313
04/10/2021,49112.90234
05/10/2021,51514.8125
06/10/2021,55361.44922
07/10/2021,53805.98438
08/10/2021,53967.84766
09/10/2021,54968.22266
10/10/2021,54771.57813
11/10/2021,57484.78906
12/10/2021,56041.05859
13/10/2021,57401.09766
14/10/2021,57321.52344
15/10/2021,61593.94922
16/10/2021,60892.17969
17/10/2021,61553.61719
18/10/2021,62026.07813
19/10/2021,64261.99219
20/10/2021,65992.83594
21/10/2021,62210.17188
22/10/2021,60692.26563
23/10/2021,61393.61719
24/10/2021,60930.83594
25/10/2021,63039.82422
26/10/2021,60363.79297
27/10/2021,58482.38672
28/10/2021,60622.13672
29/10/2021,62227.96484
30/10/2021,61888.83203
31/10/2021,61318.95703
01/11/2021,61004.40625
02/11/2021,63226.40234
03/11/2021,62970.04688
04/11/2021,61452.23047
05/11/2021,61125.67578
06/11/2021,61527.48047
07/11/2021,63326.98828
08/11/2021,67566.82813
09/11/2021,66971.82813
10/11/2021,64995.23047
11/11/2021,64949.96094
12/11/2021,64155.94141
13/11/2021,64469.52734
14/11/2021,65466.83984
15/11/2021,63557.87109
16/11/2021,60161.24609
17/11/2021,60368.01172
18/11/2021,56942.13672
19/11/2021,58119.57813
20/11/2021,59697.19531
21/11/2021,58730.47656
22/11/2021,56289.28906
23/11/2021,57569.07422
24/11/2021,56280.42578
25/11/2021,57274.67969
26/11/2021,53569.76563
27/11/2021,54815.07813
28/11/2021,57248.45703
29/11/2021,57806.56641
30/11/2021,57005.42578
01/12/2021,57229.82813
02/12/2021,56477.81641
03/12/2021,53598.24609
04/12/2021,49200.70313
05/12/2021,49368.84766
06/12/2021,50582.625
07/12/2021,50700.08594
08/12/2021,50504.79688
09/12/2021,47672.12109
10/12/2021,47243.30469
11/12/2021,49362.50781
12/12/2021,50098.33594
13/12/2021,46737.48047
14/12/2021,46612.63281
15/12/2021,48896.72266
16/12/2021,47665.42578
17/12/2021,46202.14453
18/12/2021,46848.77734
19/12/2021,46707.01563
20/12/2021,46880.27734
21/12/2021,48936.61328
22/12/2021,48628.51172
23/12/2021,50784.53906
24/12/2021,50822.19531
25/12/2021,50429.85938
26/12/2021,50809.51563
27/12/2021,50640.41797
28/12/2021,47588.85547
29/12/2021,46444.71094
30/12/2021,47178.125
31/12/2021,46306.44531
01/01/2022,47686.8125
02/01/2022,47345.21875
03/01/2022,46458.11719
04/01/2022,45897.57422
05/01/2022,43569.00391
06/01/2022,43160.92969
07/01/2022,41557.90234
08/01/2022,41733.94141
09/01/2022,41911.60156
10/01/2022,41821.26172
11/01/2022,42735.85547
12/01/2022,43949.10156
13/01/2022,42591.57031
14/01/2022,43099.69922
15/01/2022,43177.39844
16/01/2022,43113.87891
17/01/2022,42250.55078
18/01/2022,42375.63281
19/01/2022,41744.32813
20/01/2022,40680.41797
21/01/2022,36457.31641
22/01/2022,35030.25
23/01/2022,36276.80469
24/01/2022,36654.32813
25/01/2022,36954.00391
26/01/2022,36852.12109
27/01/2022,37138.23438
28/01/2022,37784.33203
29/01/2022,38138.17969
30/01/2022,37917.60156
31/01/2022,38483.125
01/02/2022,38743.27344
02/02/2022,36952.98438
03/02/2022,37154.60156
04/02/2022,41500.875
05/02/2022,41441.16406
06/02/2022,42412.43359
07/02/2022,43840.28516
08/02/2022,44118.44531
09/02/2022,44338.79688
10/02/2022,43565.11328
11/02/2022,42407.9375
12/02/2022,42244.46875
13/02/2022,42197.51563
14/02/2022,42586.91797
15/02/2022,44575.20313
16/02/2022,43961.85938
17/02/2022,40538.01172
18/02/2022,40030.97656
19/02/2022,40122.15625
20/02/2022,38431.37891
21/02/2022,37075.28125
22/02/2022,38286.02734
23/02/2022,37296.57031
24/02/2022,38332.60938
25/02/2022,39214.21875
26/02/2022,39105.14844
27/02/2022,37709.78516
28/02/2022,43193.23438
01/03/2022,44354.63672
02/03/2022,43924.11719
03/03/2022,42451.78906
04/03/2022,39137.60547
05/03/2022,39400.58594
06/03/2022,38419.98438
07/03/2022,38062.03906
08/03/2022,38737.26953
09/03/2022,41982.92578
10/03/2022,39437.46094
11/03/2022,38794.97266
12/03/2022,38904.01172
13/03/2022,37849.66406
14/03/2022,39666.75391
15/03/2022,39338.78516
16/03/2022,41143.92969
17/03/2022,40951.37891
18/03/2022,41801.15625
19/03/2022,42190.65234
20/03/2022,41247.82422
21/03/2022,41077.99609
22/03/2022,42358.80859
23/03/2022,42892.95703
24/03/2022,43960.93359
25/03/2022,44348.73047
26/03/2022,44500.82813
27/03/2022,46820.49219
28/03/2022,47128.00391
29/03/2022,47465.73047
30/03/2022,47062.66406
31/03/2022,45538.67578
01/04/2022,46281.64453
02/04/2022,45868.94922
03/04/2022,46453.56641
04/04/2022,46622.67578
05/04/2022,45555.99219
06/04/2022,43206.73828
07/04/2022,43503.84766
08/04/2022,42287.66406
09/04/2022,42782.13672
10/04/2022,42207.67188
11/04/2022,39521.90234
12/04/2022,40127.18359
13/04/2022,41166.73047
14/04/2022,39935.51563
15/04/2022,40553.46484
16/04/2022,40424.48438
17/04/2022,39716.95313
18/04/2022,40826.21484
19/04/2022,41502.75
20/04/2022,41374.37891
21/04/2022,40527.36328
22/04/2022,39740.32031
23/04/2022,39486.73047
24/04/2022,39469.29297
25/04/2022,40458.30859
26/04/2022,38117.46094
27/04/2022,39241.12109
28/04/2022,39773.82813
29/04/2022,38609.82422
30/04/2022,37714.875
01/05/2022,38469.09375
02/05/2022,38529.32813
03/05/2022,37750.45313
04/05/2022,39698.37109
05/05/2022,36575.14063
06/05/2022,36040.92188
07/05/2022,35501.95313
08/05/2022,34059.26563
09/05/2022,30296.95313
10/05/2022,31022.90625
11/05/2022,28936.35547
12/05/2022,29047.75195
13/05/2022,29283.10352
14/05/2022,30101.26563
15/05/2022,31305.11328
16/05/2022,29862.91797
17/05/2022,30425.85742
18/05/2022,28720.27148
19/05/2022,30314.33398
20/05/2022,29200.74023
21/05/2022,29432.22656
22/05/2022,30323.72266
23/05/2022,29098.91016
24/05/2022,29655.58594
25/05/2022,29562.36133
26/05/2022,29267.22461
27/05/2022,28627.57422
28/05/2022,28814.90039
29/05/2022,29445.95703
30/05/2022,31726.39063
31/05/2022,31792.31055
01/06/2022,29799.08008
02/06/2022,30467.48828
03/06/2022,29704.39063
04/06/2022,29832.91406
05/06/2022,29906.66211
06/06/2022,31370.67188
07/06/2022,31155.47852
08/06/2022,30214.35547
09/06/2022,30111.99805
10/06/2022,29083.80469
11/06/2022,28360.81055
12/06/2022,26762.64844
13/06/2022,22487.38867
14/06/2022,22206.79297
15/06/2022,22572.83984
16/06/2022,20381.65039
17/06/2022,20471.48242
18/06/2022,19017.64258
19/06/2022,20553.27148
20/06/2022,20599.53711
21/06/2022,20710.59766
22/06/2022,19987.0293
23/06/2022,21085.87695
24/06/2022,21231.65625
25/06/2022,21502.33789
26/06/2022,21027.29492
27/06/2022,20735.47852
28/06/2022,20280.63477
29/06/2022,20104.02344
30/06/2022,19784.72656
01/07/2022,19269.36719
02/07/2022,19242.25586
03/07/2022,19297.07617
04/07/2022,20231.26172
05/07/2022,20190.11523
06/07/2022,20548.24609
07/07/2022,21637.58789
08/07/2022,21731.11719
09/07/2022,21592.20703
10/07/2022,20860.44922
11/07/2022,19970.55664
12/07/2022,19323.91406
13/07/2022,20212.07422
14/07/2022,20569.91992
15/07/2022,20836.32813
16/07/2022,21190.31641
17/07/2022,20779.34375
18/07/2022,22485.68945
19/07/2022,23389.43359
20/07/2022,23231.73242
21/07/2022,23164.62891
22/07/2022,22714.97852
23/07/2022,22465.47852
24/07/2022,22609.16406
25/07/2022,21361.70117
26/07/2022,21239.75391
27/07/2022,22930.54883
28/07/2022,23843.88672
29/07/2022,23804.63281
30/07/2022,23656.20703
31/07/2022,23336.89648
01/08/2022,23314.19922
02/08/2022,22978.11719
03/08/2022,22846.50781
04/08/2022,22630.95703
05/08/2022,23289.31445
06/08/2022,22961.2793
07/08/2022,23175.89063
08/08/2022,23809.48633
09/08/2022,23164.31836
10/08/2022,23947.64258
11/08/2022,23957.5293
12/08/2022,24402.81836
13/08/2022,24424.06836
14/08/2022,24319.33398
15/08/2022,24136.97266
16/08/2022,23883.29102
17/08/2022,23335.99805
18/08/2022,23212.73828
19/08/2022,20877.55273
20/08/2022,21166.06055
21/08/2022,21534.12109
22/08/2022,21398.9082
23/08/2022,21528.08789
24/08/2022,21395.01953
25/08/2022,21600.9043
26/08/2022,20260.01953
27/08/2022,20041.73828
28/08/2022,19616.81445
29/08/2022,20297.99414
30/08/2022,19796.80859
31/08/2022,20049.76367
01/09/2022,20127.14063
02/09/2022,19969.77148
03/09/2022,19832.08789
04/09/2022,19986.71289
05/09/2022,19812.37109
06/09/2022,18837.66797
07/09/2022,19290.32422
08/09/2022,19329.83398
09/09/2022,21381.15234
10/09/2022,21680.53906
11/09/2022,21769.25586
12/09/2022,22370.44922
13/09/2022,20296.70703
14/09/2022,20241.08984
15/09/2022,19701.21094
16/09/2022,19772.58398
17/09/2022,20127.57617
18/09/2022,19419.50586
19/09/2022,19544.12891
20/09/2022,18890.78906
21/09/2022,18547.40039
22/09/2022,19413.55078
23/09/2022,19297.63867
24/09/2022,18937.01172
25/09/2022,18802.09766
26/09/2022,19222.67188
27/09/2022,19110.54688
28/09/2022,19426.7207
29/09/2022,19573.05078
30/09/2022,19431.78906
01/10/2022,19312.0957
02/10/2022,19044.10742
03/10/2022,19623.58008
04/10/2022,20336.84375
05/10/2022,20160.7168
06/10/2022,19955.44336
07/10/2022,19546.84961
08/10/2022,19416.56836
09/10/2022,19446.42578
10/10/2022,19141.48438
11/10/2022,19051.41797
12/10/2022,19157.44531
13/10/2022,19382.9043
14/10/2022,19185.65625
15/10/2022,19067.63477
16/10/2022,19268.09375
17/10/2022,19550.75781
18/10/2022,19334.41602
19/10/2022,19139.53516
20/10/2022,19053.74023
21/10/2022,19172.46875
22/10/2022,19208.18945
23/10/2022,19567.00781
24/10/2022,19345.57227
25/10/2022,20095.85742
26/10/2022,20770.44141
27/10/2022,20285.83594
28/10/2022,20595.35156
29/10/2022,20818.47656
30/10/2022,20635.60352
31/10/2022,20495.77344
01/11/2022,20485.27344
02/11/2022,20159.50391
03/11/2022,20209.98828
04/11/2022,21147.23047
05/11/2022,21282.69141
06/11/2022,20926.48633
07/11/2022,20602.81641
08/11/2022,18541.27148
09/11/2022,15880.78027
10/11/2022,17586.77148
11/11/2022,17034.29297
12/11/2022,16799.18555
13/11/2022,16353.36523
14/11/2022,16618.19922
15/11/2022,16884.61328
16/11/2022,16669.43945
17/11/2022,16687.51758
18/11/2022,16697.77734
19/11/2022,16711.54688
20/11/2022,16291.83203
21/11/2022,15787.28418
22/11/2022,16189.76953
23/11/2022,16610.70703
24/11/2022,16604.46484
25/11/2022,16521.8418
26/11/2022,16464.28125
27/11/2022,16444.62695
28/11/2022,16217.32227
29/11/2022,16444.98242
30/11/2022,17168.56641
01/12/2022,16967.13281
02/12/2022,17088.66016
03/12/2022,16908.23633
04/12/2022,17130.48633
05/12/2022,16974.82617
06/12/2022,17089.50391
07/12/2022,16848.12695
08/12/2022,17233.47461
09/12/2022,17133.15234
10/12/2022,17128.72461
11/12/2022,17104.19336
12/12/2022,17206.4375
13/12/2022,17781.31836
14/12/2022,17815.65039
15/12/2022,17364.86523
16/12/2022,16647.48438
17/12/2022,16795.0918
18/12/2022,16757.97656
19/12/2022,16439.67969
20/12/2022,16906.30469
21/12/2022,16817.53516
22/12/2022,16830.3418
23/12/2022,16796.95313
24/12/2022,16847.75586
25/12/2022,16841.98633
26/12/2022,16919.80469
27/12/2022,16717.17383
28/12/2022,16552.57227
29/12/2022,16642.3418
30/12/2022,16602.58594
31/12/2022,16547.49609
01/01/2023,16625.08008
02/01/2023,16688.4707
03/01/2023,16679.85742
04/01/2023,16863.23828
05/01/2023,16836.73633
06/01/2023,16951.96875
07/01/2023,16955.07813
08/01/2023,17091.14453
09/01/2023,17196.55469
10/01/2023,17446.29297
11/01/2023,17934.89648
12/01/2023,18869.58789
13/01/2023,19909.57422
14/01/2023,20976.29883
15/01/2023,20880.79883
16/01/2023,21169.63281
17/01/2023,21161.51953
18/01/2023,20688.78125
19/01/2023,21086.79297
20/01/2023,22676.55273
21/01/2023,22777.625
22/01/2023,22720.41602
23/01/2023,22934.43164
24/01/2023,22636.46875
25/01/2023,23117.85938
26/01/2023,23032.77734
27/01/2023,23078.72852
28/01/2023,23031.08984
29/01/2023,23774.56641
30/01/2023,22840.13867
31/01/2023,23139.2832
01/02/2023,23723.76953
02/02/2023,23471.87109
03/02/2023,23449.32227
04/02/2023,23331.84766
05/02/2023,22955.66602
06/02/2023,22760.10938
07/02/2023,23264.29102
08/02/2023,22939.39844
09/02/2023,21819.03906
10/02/2023,21651.18359
11/02/2023,21870.875
12/02/2023,21788.20313
13/02/2023,21808.10156
14/02/2023,22220.80469
15/02/2023,24307.8418
16/02/2023,23623.47461
17/02/2023,24565.60156
18/02/2023,24641.27734
19/02/2023,24327.64258
20/02/2023,24829.14844
21/02/2023,24436.35352
22/02/2023,24188.84375
23/02/2023,23947.49219
24/02/2023,23198.12695
25/02/2023,23175.375
26/02/2023,23561.21289
27/02/2023,23522.87109
28/02/2023,23147.35352
01/03/2023,23646.55078
02/03/2023,23475.4668
03/03/2023,22362.67969
04/03/2023,22353.34961
05/03/2023,22435.51367
06/03/2023,22429.75781
07/03/2023,22219.76953
08/03/2023,21718.08008
09/03/2023,20363.02148
10/03/2023,20187.24414
11/03/2023,20632.41016
12/03/2023,22163.94922
13/03/2023,24197.5332
14/03/2023,24746.07422
15/03/2023,24375.96094
16/03/2023,25052.78906
17/03/2023,27423.92969
18/03/2023,26965.87891
19/03/2023,28038.67578
20/03/2023,27767.23633
21/03/2023,28175.81641
22/03/2023,27307.4375
23/03/2023,28333.97266
24/03/2023,27493.28516
25/03/2023,27494.70703
26/03/2023,27994.33008
27/03/2023,27139.88867
28/03/2023,27268.13086
29/03/2023,28348.44141
30/03/2023,28033.5625
31/03/2023,28478.48438
01/04/2023,28411.03516
02/04/2023,28199.30859
03/04/2023,27790.2207
04/04/2023,28168.08984
05/04/2023,28177.98438
06/04/2023,28044.14063
07/04/2023,27925.85938
08/04/2023,27947.79492
09/04/2023,28333.05078
10/04/2023,29652.98047
11/04/2023,30235.05859
12/04/2023,30139.05273
13/04/2023,30399.06641
14/04/2023,30485.69922
15/04/2023,30318.49609
16/04/2023,30315.35547
17/04/2023,29445.04492
18/04/2023,30397.55273
19/04/2023,28822.67969
20/04/2023,28245.98828
21/04/2023,27276.91016
22/04/2023,27817.5
23/04/2023,27591.38477
24/04/2023,27525.33984
25/04/2023,28307.59766
26/04/2023,28422.70117
27/04/2023,29473.78711
28/04/2023,29340.26172
29/04/2023,29248.48828
30/04/2023,29268.80664
01/05/2023,28091.56836
02/05/2023,28680.53711
03/05/2023,29006.30859
04/05/2023,28847.71094
05/05/2023,29534.38477
06/05/2023,28904.62305
07/05/2023,28454.97852
08/05/2023,27694.27344
09/05/2023,27658.77539
10/05/2023,27621.75586
11/05/2023,27000.78906
12/05/2023,26804.99023
13/05/2023,26784.07813
14/05/2023,26930.63867
15/05/2023,27192.69336
16/05/2023,27036.65039
17/05/2023,27398.80273
18/05/2023,26832.20898
19/05/2023,26890.12891
20/05/2023,27129.58594
21/05/2023,26753.82617
22/05/2023,26851.27734
23/05/2023,27225.72656
24/05/2023,26334.81836
25/05/2023,26476.20703
26/05/2023,26719.29102
27/05/2023,26868.35352
28/05/2023,28085.64648
29/05/2023,27745.88477
30/05/2023,27702.34961
31/05/2023,27219.6582
01/06/2023,26819.97266
02/06/2023,27249.58984
03/06/2023,27075.12891
04/06/2023,27119.06641
05/06/2023,25760.09766
06/06/2023,27238.7832
07/06/2023,26345.99805
08/06/2023,26508.2168
09/06/2023,26480.375
10/06/2023,25851.24023
11/06/2023,25940.16797
12/06/2023,25902.5
13/06/2023,25918.72852
14/06/2023,25124.67578
15/06/2023,25576.39453
16/06/2023,26327.46289
17/06/2023,26510.67578
18/06/2023,26336.21289
19/06/2023,26851.0293
20/06/2023,28327.48828
21/06/2023,30027.29688
22/06/2023,29912.28125
23/06/2023,30695.46875
24/06/2023,30548.69531
25/06/2023,30480.26172
26/06/2023,30271.13086
27/06/2023,30688.16406
28/06/2023,30086.24609
29/06/2023,30445.35156
30/06/2023,30477.25195
01/07/2023,30590.07813
02/07/2023,30620.76953
03/07/2023,31156.43945
04/07/2023,30777.58203
05/07/2023,30514.16602
06/07/2023,29909.33789
07/07/2023,30342.26563
08/07/2023,30292.54102
09/07/2023,30171.23438
10/07/2023,30414.4707
11/07/2023,30620.95117
12/07/2023,30391.64648
13/07/2023,31476.04883
14/07/2023,30334.06836
15/07/2023,30295.80664
16/07/2023,30249.13281
17/07/2023,30145.88867
18/07/2023,29856.5625
19/07/2023,29913.92383
20/07/2023,29792.01563
21/07/2023,29908.74414
22/07/2023,29771.80273
23/07/2023,30084.53906
24/07/2023,29176.91602
25/07/2023,29227.39063
26/07/2023,29354.97266
27/07/2023,29210.68945
28/07/2023,29319.24609
29/07/2023,29356.91797
30/07/2023,29275.30859
31/07/2023,29230.11133
01/08/2023,29675.73242
02/08/2023,29151.95898
03/08/2023,29178.67969
04/08/2023,29074.0918
05/08/2023,29042.12695
06/08/2023,29041.85547
07/08/2023,29180.57813
08/08/2023,29765.49219
09/08/2023,29561.49414
10/08/2023,29429.5918
11/08/2023,29397.71484
12/08/2023,29415.96484
13/08/2023,29282.91406
14/08/2023,29408.44336
15/08/2023,29170.34766
16/08/2023,28701.7793
17/08/2023,26664.55078
18/08/2023,26049.55664
19/08/2023,26096.20508
20/08/2023,26189.58398
21/08/2023,26124.14063
22/08/2023,26031.65625
23/08/2023,26431.64063
24/08/2023,26162.37305
25/08/2023,26047.66797
26/08/2023,26008.46289
27/08/2023,26089.69336
28/08/2023,26106.15039
29/08/2023,27727.39258
30/08/2023,27297.26563
31/08/2023,25931.47266
01/09/2023,25800.72461
02/09/2023,25868.79883
03/09/2023,25969.56641
04/09/2023,25812.41602
05/09/2023,25779.98242
06/09/2023,25753.23633
07/09/2023,26240.19531
08/09/2023,25905.6543
09/09/2023,25895.67773
10/09/2023,25832.22656
11/09/2023,25162.6543
12/09/2023,25833.34375
13/09/2023,26228.32422
14/09/2023,26539.67383
15/09/2023,26608.69336
16/09/2023,26568.28125
17/09/2023,26534.1875
18/09/2023,26754.28125
19/09/2023,27211.11719
20/09/2023,27132.00781
21/09/2023,26567.63281
22/09/2023,26579.56836
23/09/2023,26579.39063
24/09/2023,26256.82617
25/09/2023,26298.48047
26/09/2023,26217.25
27/09/2023,26352.7168
28/09/2023,27021.54688
29/09/2023,26911.7207
30/09/2023,26967.91602
01/10/2023,27983.75
02/10/2023,27530.78516
03/10/2023,27429.97852
04/10/2023,27799.39453
05/10/2023,27415.91211
06/10/2023,27946.59766
07/10/2023,27968.83984
08/10/2023,27935.08984
09/10/2023,27583.67773
10/10/2023,27391.01953
11/10/2023,26873.32031
12/10/2023,26756.79883
13/10/2023,26862.375
14/10/2023,26861.70703
15/10/2023,27159.65234
16/10/2023,28519.4668
17/10/2023,28415.74805
18/10/2023,28328.3418
19/10/2023,28719.80664
20/10/2023,29682.94922
21/10/2023,29918.41211
22/10/2023,29993.89648
23/10/2023,33086.23438
24/10/2023,33901.52734
25/10/2023,34502.82031
26/10/2023,34156.64844
27/10/2023,33909.80078
28/10/2023,34089.57422
29/10/2023,34538.48047
30/10/2023,34502.36328
31/10/2023,34667.78125
01/11/2023,35437.25391
02/11/2023,34938.24219
03/11/2023,34732.32422
04/11/2023,35082.19531
05/11/2023,35049.35547
06/11/2023,35037.37109
07/11/2023,35443.5625
08/11/2023,35655.27734
09/11/2023,36693.125
10/11/2023,37313.96875
11/11/2023,37138.05078
12/11/2023,37054.51953
13/11/2023,36502.35547
14/11/2023,35537.64063
15/11/2023,37880.58203
16/11/2023,36154.76953
17/11/2023,36596.68359
18/11/2023,36585.70313
19/11/2023,37386.54688
20/11/2023,37476.95703
21/11/2023,35813.8125
22/11/2023,37432.33984
23/11/2023,37289.62109
24/11/2023,37720.28125
25/11/2023,37796.79297
26/11/2023,37479.12109
27/11/2023,37254.16797
28/11/2023,37831.08594
29/11/2023,37858.49219
30/11/2023,37712.74609
01/12/2023,38688.75
02/12/2023,39476.33203
03/12/2023,39978.39063
04/12/2023,41980.09766
05/12/2023,44080.64844
06/12/2023,43746.44531
07/12/2023,43292.66406
08/12/2023,44166.60156
09/12/2023,43725.98438
10/12/2023,43779.69922
11/12/2023,41243.83203
12/12/2023,41450.22266
13/12/2023,42890.74219
14/12/2023,43023.97266
15/12/2023,41929.75781
16/12/2023,42240.11719
17/12/2023,41364.66406
18/12/2023,42623.53906
19/12/2023,42270.52734
20/12/2023,43652.25
21/12/2023,43869.15234
22/12/2023,43997.90234
23/12/2023,43739.54297
24/12/2023,43016.11719
25/12/2023,43613.14063
26/12/2023,42520.40234
27/12/2023,43442.85547
28/12/2023,42627.85547
29/12/2023,42099.40234
30/12/2023,42156.90234
31/12/2023,42265.1875
01/01/2024,44167.33203
02/01/2024,44957.96875
03/01/2024,42848.17578
04/01/2024,44179.92188
05/01/2024,44162.69141
06/01/2024,43989.19531
07/01/2024,43943.09766
08/01/2024,46970.50391
09/01/2024,46139.73047
10/01/2024,46627.77734
11/01/2024,46368.58594
12/01/2024,42853.16797
13/01/2024,42842.38281
14/01/2024,41796.26953
15/01/2024,42511.96875
16/01/2024,43154.94531
17/01/2024,42742.65234
18/01/2024,41262.05859
19/01/2024,41618.40625
20/01/2024,41665.58594
21/01/2024,41545.78516
22/01/2024,39507.36719
23/01/2024,39845.55078
24/01/2024,40077.07422
25/01/2024,39933.80859
26/01/2024,41816.87109
27/01/2024,42120.05469
28/01/2024,42035.59375
29/01/2024,43288.24609
30/01/2024,42952.60938
31/01/2024,42582.60547
01/02/2024,43075.77344
02/02/2024,43185.85938
03/02/2024,42992.25
04/02/2024,42583.58203
05/02/2024,42658.66797
06/02/2024,43084.67188
07/02/2024,44318.22266
08/02/2024,45301.56641
09/02/2024,47147.19922
10/02/2024,47771.27734
11/02/2024,48293.91797
12/02/2024,49958.22266
13/02/2024,49742.44141
14/02/2024,51826.69531
15/02/2024,51938.55469
16/02/2024,52160.20313
17/02/2024,51662.99609
18/02/2024,52122.54688
19/02/2024,51779.14453
20/02/2024,52284.875
21/02/2024,51839.17969
22/02/2024,51304.97266
23/02/2024,50731.94922
24/02/2024,51571.10156
25/02/2024,51733.23828
26/02/2024,54522.40234
27/02/2024,57085.37109
28/02/2024,62504.78906
29/02/2024,61198.38281
01/03/2024,62440.63281
02/03/2024,62029.84766
03/03/2024,63167.37109
04/03/2024,68330.41406
05/03/2024,63801.19922
06/03/2024,66106.80469
07/03/2024,66925.48438
08/03/2024,68300.09375
09/03/2024,68498.88281
10/03/2024,69019.78906
11/03/2024,72123.90625
12/03/2024,71481.28906
13/03/2024,73083.5
14/03/2024,71396.59375
15/03/2024,69403.77344
16/03/2024,65315.11719
17/03/2024,68390.625
18/03/2024,67548.59375
19/03/2024,61912.77344
20/03/2024,67913.67188
21/03/2024,65491.39063
22/03/2024,63778.76172
23/03/2024,64062.20313
24/03/2024,67234.17188
25/03/2024,69958.8125
26/03/2024,69987.83594
27/03/2024,69455.34375
28/03/2024,70744.95313
29/03/2024,69892.82813
30/03/2024,69645.30469
31/03/2024,71333.64844
01/04/2024,69828.70313