Date,Price
2/04/2019,"2,867.24"
3/04/2019,"2,873.40"
4/04/2019,"2,879.39"
5/04/2019,"2,892.74"
8/04/2019,"2,895.77"
9/04/2019,"2,878.20"
10/04/2019,"2,888.21"
11/04/2019,"2,888.32"
12/04/2019,"2,907.41"
15/04/2019,"2,905.58"
16/04/2019,"2,907.06"
17/04/2019,"2,900.45"
18/04/2019,"2,905.03"
22/04/2019,"2,907.97"
23/04/2019,"2,933.68"
24/04/2019,"2,927.25"
25/04/2019,"2,926.17"
26/04/2019,"2,939.88"
29/04/2019,"2,943.03"
30/04/2019,"2,945.83"
1/05/2019,"2,923.73"
2/05/2019,"2,917.52"
3/05/2019,"2,945.64"
6/05/2019,"2,932.47"
7/05/2019,"2,884.05"
8/05/2019,"2,879.42"
9/05/2019,"2,870.72"
10/05/2019,"2,881.40"
13/05/2019,"2,811.87"
14/05/2019,"2,834.41"
15/05/2019,"2,850.96"
16/05/2019,"2,876.32"
17/05/2019,"2,859.53"
20/05/2019,"2,840.23"
21/05/2019,"2,864.36"
22/05/2019,"2,856.27"
23/05/2019,"2,822.24"
24/05/2019,"2,826.06"
28/05/2019,"2,802.39"
29/05/2019,"2,783.02"
30/05/2019,"2,788.86"
31/05/2019,"2,752.06"
3/06/2019,"2,744.45"
4/06/2019,"2,803.27"
5/06/2019,"2,826.15"
6/06/2019,"2,843.49"
7/06/2019,"2,873.34"
10/06/2019,"2,886.73"
11/06/2019,"2,885.72"
12/06/2019,"2,879.84"
13/06/2019,"2,891.64"
14/06/2019,"2,886.98"
17/06/2019,"2,889.67"
18/06/2019,"2,917.75"
19/06/2019,"2,926.46"
20/06/2019,"2,954.18"
21/06/2019,"2,950.46"
24/06/2019,"2,945.35"
25/06/2019,"2,917.38"
26/06/2019,"2,913.78"
27/06/2019,"2,924.92"
28/06/2019,"2,941.76"
1/07/2019,"2,964.33"
2/07/2019,"2,973.01"
3/07/2019,"2,995.82"
5/07/2019,"2,990.41"
8/07/2019,"2,975.95"
9/07/2019,"2,979.63"
10/07/2019,"2,993.07"
11/07/2019,"2,999.91"
12/07/2019,"3,013.77"
15/07/2019,"3,014.30"
16/07/2019,"3,004.04"
17/07/2019,"2,984.42"
18/07/2019,"2,995.11"
19/07/2019,"2,976.61"
22/07/2019,"2,985.03"
23/07/2019,"3,005.47"
24/07/2019,"3,019.56"
25/07/2019,"3,003.67"
26/07/2019,"3,025.86"
29/07/2019,"3,020.97"
30/07/2019,"3,013.18"
31/07/2019,"2,980.38"
1/08/2019,"2,953.56"
2/08/2019,"2,932.05"
5/08/2019,"2,844.74"
6/08/2019,"2,881.77"
7/08/2019,"2,883.98"
8/08/2019,"2,938.09"
9/08/2019,"2,918.65"
12/08/2019,"2,883.75"
13/08/2019,"2,926.32"
14/08/2019,"2,840.60"
15/08/2019,"2,847.60"
16/08/2019,"2,888.68"
19/08/2019,"2,923.65"
20/08/2019,"2,900.51"
21/08/2019,"2,924.43"
22/08/2019,"2,922.95"
23/08/2019,"2,847.11"
26/08/2019,"2,878.38"
27/08/2019,"2,869.16"
28/08/2019,"2,887.94"
29/08/2019,"2,924.58"
30/08/2019,"2,926.46"
3/09/2019,"2,906.27"
4/09/2019,"2,937.78"
5/09/2019,"2,976.00"
6/09/2019,"2,978.71"
9/09/2019,"2,978.43"
10/09/2019,"2,979.39"
11/09/2019,"3,000.93"
12/09/2019,"3,009.57"
13/09/2019,"3,007.39"
16/09/2019,"2,997.96"
17/09/2019,"3,005.70"
18/09/2019,"3,006.73"
19/09/2019,"3,006.79"
20/09/2019,"2,992.07"
23/09/2019,"2,991.78"
24/09/2019,"2,966.60"
25/09/2019,"2,984.87"
26/09/2019,"2,977.62"
27/09/2019,"2,961.79"
30/09/2019,"2,976.74"
1/10/2019,"2,940.25"
2/10/2019,"2,887.61"
3/10/2019,"2,910.63"
4/10/2019,"2,952.01"
7/10/2019,"2,938.79"
8/10/2019,"2,893.06"
9/10/2019,"2,919.40"
10/10/2019,"2,938.13"
11/10/2019,"2,970.27"
14/10/2019,"2,966.15"
15/10/2019,"2,995.68"
16/10/2019,"2,989.69"
17/10/2019,"2,997.95"
18/10/2019,"2,986.20"
21/10/2019,"3,006.72"
22/10/2019,"2,995.99"
23/10/2019,"3,004.52"
24/10/2019,"3,010.29"
25/10/2019,"3,022.55"
28/10/2019,"3,039.42"
29/10/2019,"3,036.89"
30/10/2019,"3,046.77"
31/10/2019,"3,037.56"
1/11/2019,"3,066.91"
4/11/2019,"3,078.27"
5/11/2019,"3,074.62"
6/11/2019,"3,076.78"
7/11/2019,"3,085.18"
8/11/2019,"3,093.08"
11/11/2019,"3,087.01"
12/11/2019,"3,091.84"
13/11/2019,"3,094.04"
14/11/2019,"3,096.63"
15/11/2019,"3,120.46"
18/11/2019,"3,122.03"
19/11/2019,"3,120.18"
20/11/2019,"3,108.46"
21/11/2019,"3,103.54"
22/11/2019,"3,110.29"
25/11/2019,"3,133.64"
26/11/2019,"3,140.52"
27/11/2019,"3,153.63"
29/11/2019,"3,140.98"
2/12/2019,"3,113.87"
3/12/2019,"3,093.20"
4/12/2019,"3,112.76"
5/12/2019,"3,117.43"
6/12/2019,"3,145.91"
9/12/2019,"3,135.96"
10/12/2019,"3,132.52"
11/12/2019,"3,141.63"
12/12/2019,"3,168.57"
13/12/2019,"3,168.80"
16/12/2019,"3,191.45"
17/12/2019,"3,192.52"
18/12/2019,"3,191.14"
19/12/2019,"3,205.37"
20/12/2019,"3,221.22"
23/12/2019,"3,224.01"
24/12/2019,"3,223.38"
26/12/2019,"3,239.91"
27/12/2019,"3,240.02"
30/12/2019,"3,221.29"
31/12/2019,"3,230.78"
2/01/2020,"3,257.85"
3/01/2020,"3,234.85"
6/01/2020,"3,246.28"
7/01/2020,"3,237.18"
8/01/2020,"3,253.05"
9/01/2020,"3,274.70"
10/01/2020,"3,265.35"
13/01/2020,"3,288.13"
14/01/2020,"3,283.15"
15/01/2020,"3,289.29"
16/01/2020,"3,316.81"
17/01/2020,"3,329.62"
21/01/2020,"3,320.79"
22/01/2020,"3,321.75"
23/01/2020,"3,325.54"
24/01/2020,"3,295.47"
27/01/2020,"3,243.63"
28/01/2020,"3,276.24"
29/01/2020,"3,273.40"
30/01/2020,"3,283.66"
31/01/2020,"3,225.52"
3/02/2020,"3,248.92"
4/02/2020,"3,297.59"
5/02/2020,"3,334.69"
6/02/2020,"3,345.78"
7/02/2020,"3,327.71"
10/02/2020,"3,352.09"
11/02/2020,"3,357.75"
12/02/2020,"3,379.45"
13/02/2020,"3,373.94"
14/02/2020,"3,380.16"
18/02/2020,"3,370.29"
19/02/2020,"3,386.15"
20/02/2020,"3,373.23"
21/02/2020,"3,337.75"
24/02/2020,"3,225.89"
25/02/2020,"3,128.21"
26/02/2020,"3,116.39"
27/02/2020,"2,978.76"
28/02/2020,"2,954.22"
2/03/2020,"3,090.23"
3/03/2020,"3,003.37"
4/03/2020,"3,130.12"
5/03/2020,"3,023.94"
6/03/2020,"2,972.37"
9/03/2020,"2,746.56"
10/03/2020,"2,882.23"
11/03/2020,"2,741.38"
12/03/2020,"2,480.64"
13/03/2020,"2,711.02"
16/03/2020,"2,386.13"
17/03/2020,"2,529.19"
18/03/2020,"2,398.10"
19/03/2020,"2,409.39"
20/03/2020,"2,304.92"
23/03/2020,"2,237.40"
24/03/2020,"2,447.33"
25/03/2020,"2,475.56"
26/03/2020,"2,630.07"
27/03/2020,"2,541.47"
30/03/2020,"2,626.65"
31/03/2020,"2,584.59"
1/04/2020,"2,470.50"
2/04/2020,"2,526.90"
3/04/2020,"2,488.65"
6/04/2020,"2,663.68"
7/04/2020,"2,659.41"
8/04/2020,"2,749.98"
9/04/2020,"2,789.82"
13/04/2020,"2,761.63"
14/04/2020,"2,846.06"
15/04/2020,"2,783.36"
16/04/2020,"2,799.55"
17/04/2020,"2,874.56"
20/04/2020,"2,823.16"
21/04/2020,"2,736.56"
22/04/2020,"2,799.31"
23/04/2020,"2,797.80"
24/04/2020,"2,836.74"
27/04/2020,"2,878.48"
28/04/2020,"2,863.39"
29/04/2020,"2,939.51"
30/04/2020,"2,912.43"
1/05/2020,"2,830.71"
4/05/2020,"2,842.74"
5/05/2020,"2,868.44"
6/05/2020,"2,848.42"
7/05/2020,"2,881.19"
8/05/2020,"2,929.80"
11/05/2020,"2,930.32"
12/05/2020,"2,870.12"
13/05/2020,"2,820.00"
14/05/2020,"2,852.50"
15/05/2020,"2,863.70"
18/05/2020,"2,953.91"
19/05/2020,"2,922.94"
20/05/2020,"2,971.61"
21/05/2020,"2,948.51"
22/05/2020,"2,955.45"
26/05/2020,"2,991.77"
27/05/2020,"3,036.13"
28/05/2020,"3,029.73"
29/05/2020,"3,044.31"
1/06/2020,"3,055.73"
2/06/2020,"3,080.82"
3/06/2020,"3,122.87"
4/06/2020,"3,112.35"
5/06/2020,"3,193.93"
8/06/2020,"3,232.39"
9/06/2020,"3,207.18"
10/06/2020,"3,190.14"
11/06/2020,"3,002.10"
12/06/2020,"3,041.31"
15/06/2020,"3,066.59"
16/06/2020,"3,124.74"
17/06/2020,"3,113.49"
18/06/2020,"3,115.34"
19/06/2020,"3,097.74"
22/06/2020,"3,117.86"
23/06/2020,"3,131.29"
24/06/2020,"3,050.33"
25/06/2020,"3,083.76"
26/06/2020,"3,009.05"
29/06/2020,"3,053.24"
30/06/2020,"3,100.29"
1/07/2020,"3,115.86"
2/07/2020,"3,130.01"
6/07/2020,"3,179.72"
7/07/2020,"3,145.32"
8/07/2020,"3,169.94"
9/07/2020,"3,152.05"
10/07/2020,"3,185.04"
13/07/2020,"3,155.22"
14/07/2020,"3,197.52"
15/07/2020,"3,226.56"
16/07/2020,"3,215.57"
17/07/2020,"3,224.73"
20/07/2020,"3,251.84"
21/07/2020,"3,257.30"
22/07/2020,"3,276.02"
23/07/2020,"3,235.66"
24/07/2020,"3,215.63"
27/07/2020,"3,239.41"
28/07/2020,"3,218.44"
29/07/2020,"3,258.44"
30/07/2020,"3,246.22"
31/07/2020,"3,271.12"
3/08/2020,"3,294.61"
4/08/2020,"3,306.51"
5/08/2020,"3,327.77"
6/08/2020,"3,349.16"
7/08/2020,"3,351.28"
10/08/2020,"3,360.47"
11/08/2020,"3,333.69"
12/08/2020,"3,380.35"
13/08/2020,"3,373.43"
14/08/2020,"3,372.85"
17/08/2020,"3,381.99"
18/08/2020,"3,389.78"
19/08/2020,"3,374.85"
20/08/2020,"3,385.51"
21/08/2020,"3,397.16"
24/08/2020,"3,431.28"
25/08/2020,"3,443.62"
26/08/2020,"3,478.73"
27/08/2020,"3,484.55"
28/08/2020,"3,508.01"
31/08/2020,"3,500.31"
1/09/2020,"3,526.65"
2/09/2020,"3,580.84"
3/09/2020,"3,455.06"
4/09/2020,"3,426.96"
8/09/2020,"3,331.84"
9/09/2020,"3,398.96"
10/09/2020,"3,339.19"
11/09/2020,"3,340.97"
14/09/2020,"3,383.54"
15/09/2020,"3,401.20"
16/09/2020,"3,385.49"
17/09/2020,"3,357.01"
18/09/2020,"3,319.47"
21/09/2020,"3,281.06"
22/09/2020,"3,315.57"
23/09/2020,"3,236.92"
24/09/2020,"3,246.59"
25/09/2020,"3,298.46"
28/09/2020,"3,351.60"
29/09/2020,"3,335.47"
30/09/2020,"3,363.00"
1/10/2020,"3,380.80"
2/10/2020,"3,348.44"
5/10/2020,"3,408.63"
6/10/2020,"3,360.95"
7/10/2020,"3,419.45"
8/10/2020,"3,446.83"
9/10/2020,"3,477.13"
12/10/2020,"3,534.22"
13/10/2020,"3,511.93"
14/10/2020,"3,488.67"
15/10/2020,"3,483.34"
16/10/2020,"3,483.81"
19/10/2020,"3,426.92"
20/10/2020,"3,443.12"
21/10/2020,"3,435.56"
22/10/2020,"3,453.49"
23/10/2020,"3,465.39"
26/10/2020,"3,400.97"
27/10/2020,"3,390.68"
28/10/2020,"3,271.03"
29/10/2020,"3,310.11"
30/10/2020,"3,269.96"
2/11/2020,"3,310.24"
3/11/2020,"3,369.16"
4/11/2020,"3,443.44"
5/11/2020,"3,510.45"
6/11/2020,"3,509.44"
9/11/2020,"3,550.50"
10/11/2020,"3,545.53"
11/11/2020,"3,572.66"
12/11/2020,"3,537.01"
13/11/2020,"3,585.15"
16/11/2020,"3,626.91"
17/11/2020,"3,609.53"
18/11/2020,"3,567.79"
19/11/2020,"3,581.87"
20/11/2020,"3,557.54"
23/11/2020,"3,577.59"
24/11/2020,"3,635.41"
25/11/2020,"3,629.65"
27/11/2020,"3,638.35"
30/11/2020,"3,621.63"
1/12/2020,"3,662.45"
2/12/2020,"3,669.01"
3/12/2020,"3,666.72"
4/12/2020,"3,699.12"
7/12/2020,"3,691.96"
8/12/2020,"3,702.25"
9/12/2020,"3,672.82"
10/12/2020,"3,668.10"
11/12/2020,"3,663.46"
14/12/2020,"3,647.49"
15/12/2020,"3,694.62"
16/12/2020,"3,701.17"
17/12/2020,"3,722.48"
18/12/2020,"3,709.41"
21/12/2020,"3,694.92"
22/12/2020,"3,687.26"
23/12/2020,"3,690.01"
24/12/2020,"3,703.06"
28/12/2020,"3,735.36"
29/12/2020,"3,727.04"
30/12/2020,"3,732.04"
31/12/2020,"3,756.07"
4/01/2021,"3,700.65"
5/01/2021,"3,726.86"
6/01/2021,"3,748.14"
7/01/2021,"3,803.79"
8/01/2021,"3,824.68"
11/01/2021,"3,799.61"
12/01/2021,"3,801.19"
13/01/2021,"3,809.84"
14/01/2021,"3,795.54"
15/01/2021,"3,768.25"
19/01/2021,"3,798.91"
20/01/2021,"3,851.85"
21/01/2021,"3,853.07"
22/01/2021,"3,841.47"
25/01/2021,"3,855.36"
26/01/2021,"3,849.62"
27/01/2021,"3,750.77"
28/01/2021,"3,787.38"
29/01/2021,"3,714.24"
1/02/2021,"3,773.86"
2/02/2021,"3,826.31"
3/02/2021,"3,830.17"
4/02/2021,"3,871.74"
5/02/2021,"3,886.83"
8/02/2021,"3,915.59"
9/02/2021,"3,911.23"
10/02/2021,"3,909.88"
11/02/2021,"3,916.38"
12/02/2021,"3,934.83"
16/02/2021,"3,932.59"
17/02/2021,"3,931.33"
18/02/2021,"3,913.97"
19/02/2021,"3,906.71"
22/02/2021,"3,876.50"
23/02/2021,"3,881.37"
24/02/2021,"3,925.43"
25/02/2021,"3,829.34"
26/02/2021,"3,811.15"
1/03/2021,"3,901.82"
2/03/2021,"3,870.29"
3/03/2021,"3,819.72"
4/03/2021,"3,768.47"
5/03/2021,"3,841.94"
8/03/2021,"3,821.35"
9/03/2021,"3,875.44"
10/03/2021,"3,898.81"
11/03/2021,"3,939.34"
12/03/2021,"3,943.34"
15/03/2021,"3,968.94"
16/03/2021,"3,962.71"
17/03/2021,"3,974.12"
18/03/2021,"3,915.46"
19/03/2021,"3,913.10"
22/03/2021,"3,940.59"
23/03/2021,"3,910.52"
24/03/2021,"3,889.14"
25/03/2021,"3,909.52"
26/03/2021,"3,974.54"
29/03/2021,"3,971.09"
30/03/2021,"3,958.55"
31/03/2021,"3,972.89"
1/04/2021,"4,019.87"
5/04/2021,"4,077.91"
6/04/2021,"4,073.94"
7/04/2021,"4,079.95"
8/04/2021,"4,097.17"
9/04/2021,"4,128.80"
12/04/2021,"4,127.99"
13/04/2021,"4,141.59"
14/04/2021,"4,124.66"
15/04/2021,"4,170.42"
16/04/2021,"4,185.47"
19/04/2021,"4,163.26"
20/04/2021,"4,134.94"
21/04/2021,"4,173.42"
22/04/2021,"4,134.98"
23/04/2021,"4,180.17"
26/04/2021,"4,187.62"
27/04/2021,"4,186.72"
28/04/2021,"4,183.18"
29/04/2021,"4,211.47"
30/04/2021,"4,181.17"
3/05/2021,"4,192.66"
4/05/2021,"4,164.66"
5/05/2021,"4,167.59"
6/05/2021,"4,201.62"
7/05/2021,"4,232.60"
10/05/2021,"4,188.43"
11/05/2021,"4,152.10"
12/05/2021,"4,063.04"
13/05/2021,"4,112.50"
14/05/2021,"4,173.85"
17/05/2021,"4,163.29"
18/05/2021,"4,127.83"
19/05/2021,"4,115.68"
20/05/2021,"4,159.12"
21/05/2021,"4,155.86"
24/05/2021,"4,197.05"
25/05/2021,"4,188.13"
26/05/2021,"4,195.99"
27/05/2021,"4,200.88"
28/05/2021,"4,204.11"
1/06/2021,"4,202.04"
2/06/2021,"4,208.12"
3/06/2021,"4,192.85"
4/06/2021,"4,229.89"
7/06/2021,"4,226.52"
8/06/2021,"4,227.26"
9/06/2021,"4,219.55"
10/06/2021,"4,239.18"
11/06/2021,"4,247.44"
14/06/2021,"4,255.15"
15/06/2021,"4,246.59"
16/06/2021,"4,223.70"
17/06/2021,"4,221.86"
18/06/2021,"4,166.45"
21/06/2021,"4,224.79"
22/06/2021,"4,246.44"
23/06/2021,"4,241.84"
24/06/2021,"4,266.49"
25/06/2021,"4,280.70"
28/06/2021,"4,290.61"
29/06/2021,"4,291.80"
30/06/2021,"4,297.50"
1/07/2021,"4,319.94"
2/07/2021,"4,352.34"
6/07/2021,"4,343.54"
7/07/2021,"4,358.13"
8/07/2021,"4,320.82"
9/07/2021,"4,369.55"
12/07/2021,"4,384.63"
13/07/2021,"4,369.21"
14/07/2021,"4,374.30"
15/07/2021,"4,360.03"
16/07/2021,"4,327.16"
19/07/2021,"4,258.63"
20/07/2021,"4,323.21"
21/07/2021,"4,358.69"
22/07/2021,"4,367.48"
23/07/2021,"4,411.80"
26/07/2021,"4,422.23"
27/07/2021,"4,401.46"
28/07/2021,"4,400.65"
29/07/2021,"4,419.15"
30/07/2021,"4,395.26"
2/08/2021,"4,387.11"
3/08/2021,"4,423.15"
4/08/2021,"4,402.68"
5/08/2021,"4,429.10"
6/08/2021,"4,436.52"
9/08/2021,"4,432.35"
10/08/2021,"4,436.75"
11/08/2021,"4,447.70"
12/08/2021,"4,460.84"
13/08/2021,"4,468.00"
16/08/2021,"4,479.66"
17/08/2021,"4,448.08"
18/08/2021,"4,400.27"
19/08/2021,"4,405.80"
20/08/2021,"4,441.67"
23/08/2021,"4,479.54"
24/08/2021,"4,486.23"
25/08/2021,"4,496.19"
26/08/2021,"4,469.91"
27/08/2021,"4,509.37"
30/08/2021,"4,528.79"
31/08/2021,"4,522.68"
1/09/2021,"4,524.09"
2/09/2021,"4,536.95"
3/09/2021,"4,535.43"
7/09/2021,"4,520.03"
8/09/2021,"4,514.07"
9/09/2021,"4,493.28"
10/09/2021,"4,458.58"
13/09/2021,"4,468.73"
14/09/2021,"4,443.05"
15/09/2021,"4,480.70"
16/09/2021,"4,473.76"
17/09/2021,"4,432.99"
20/09/2021,"4,357.73"
21/09/2021,"4,354.18"
22/09/2021,"4,395.64"
23/09/2021,"4,448.98"
24/09/2021,"4,455.48"
27/09/2021,"4,443.11"
28/09/2021,"4,352.63"
29/09/2021,"4,359.46"
30/09/2021,"4,307.54"
1/10/2021,"4,357.05"
4/10/2021,"4,300.46"
5/10/2021,"4,345.72"
6/10/2021,"4,363.55"
7/10/2021,"4,399.76"
8/10/2021,"4,391.36"
11/10/2021,"4,361.19"
12/10/2021,"4,350.64"
13/10/2021,"4,363.80"
14/10/2021,"4,438.23"
15/10/2021,"4,471.37"
18/10/2021,"4,486.48"
19/10/2021,"4,519.63"
20/10/2021,"4,536.19"
21/10/2021,"4,549.78"
22/10/2021,"4,544.90"
25/10/2021,"4,566.48"
26/10/2021,"4,574.79"
27/10/2021,"4,551.68"
28/10/2021,"4,596.42"
29/10/2021,"4,605.38"
1/11/2021,"4,613.67"
2/11/2021,"4,630.65"
3/11/2021,"4,660.57"
4/11/2021,"4,680.06"
5/11/2021,"4,697.53"
8/11/2021,"4,701.70"
9/11/2021,"4,685.25"
10/11/2021,"4,646.71"
11/11/2021,"4,649.27"
12/11/2021,"4,682.85"
15/11/2021,"4,682.81"
16/11/2021,"4,700.90"
17/11/2021,"4,688.67"
18/11/2021,"4,706.64"
19/11/2021,"4,697.96"
22/11/2021,"4,682.95"
23/11/2021,"4,690.70"
24/11/2021,"4,701.46"
26/11/2021,"4,594.62"
29/11/2021,"4,655.27"
30/11/2021,"4,567.00"
1/12/2021,"4,513.04"
2/12/2021,"4,577.10"
3/12/2021,"4,538.43"
6/12/2021,"4,591.67"
7/12/2021,"4,686.75"
8/12/2021,"4,701.21"
9/12/2021,"4,667.45"
10/12/2021,"4,712.02"
13/12/2021,"4,669.15"
14/12/2021,"4,634.09"
15/12/2021,"4,709.84"
16/12/2021,"4,668.67"
17/12/2021,"4,620.64"
20/12/2021,"4,568.02"
21/12/2021,"4,649.23"
22/12/2021,"4,696.56"
23/12/2021,"4,725.78"
27/12/2021,"4,791.19"
28/12/2021,"4,786.36"
29/12/2021,"4,793.06"
30/12/2021,"4,778.73"
31/12/2021,"4,766.18"
3/01/2022,"4,796.56"
4/01/2022,"4,793.54"
5/01/2022,"4,700.58"
6/01/2022,"4,696.05"
7/01/2022,"4,677.02"
10/01/2022,"4,670.29"
11/01/2022,"4,713.07"
12/01/2022,"4,726.35"
13/01/2022,"4,659.02"
14/01/2022,"4,662.85"
18/01/2022,"4,577.34"
19/01/2022,"4,532.76"
20/01/2022,"4,482.73"
21/01/2022,"4,397.93"
24/01/2022,"4,410.13"
25/01/2022,"4,356.45"
26/01/2022,"4,349.93"
27/01/2022,"4,326.50"
28/01/2022,"4,431.85"
31/01/2022,"4,515.55"
1/02/2022,"4,546.54"
2/02/2022,"4,589.32"
3/02/2022,"4,477.44"
4/02/2022,"4,500.54"
7/02/2022,"4,483.87"
8/02/2022,"4,521.54"
9/02/2022,"4,587.18"
10/02/2022,"4,504.06"
11/02/2022,"4,418.64"
14/02/2022,"4,401.67"
15/02/2022,"4,471.07"
16/02/2022,"4,475.01"
17/02/2022,"4,380.26"
18/02/2022,"4,348.87"
22/02/2022,"4,304.74"
23/02/2022,"4,225.50"
24/02/2022,"4,288.70"
25/02/2022,"4,384.62"
28/02/2022,"4,373.79"
1/03/2022,"4,306.26"
2/03/2022,"4,386.54"
3/03/2022,"4,363.49"
4/03/2022,"4,328.87"
7/03/2022,"4,201.09"
8/03/2022,"4,170.62"
9/03/2022,"4,277.88"
10/03/2022,"4,259.52"
11/03/2022,"4,204.31"
14/03/2022,"4,173.11"
15/03/2022,"4,262.45"
16/03/2022,"4,357.95"
17/03/2022,"4,411.67"
18/03/2022,"4,463.09"
21/03/2022,"4,461.18"
22/03/2022,"4,511.61"
23/03/2022,"4,456.23"
24/03/2022,"4,520.16"
25/03/2022,"4,543.04"
28/03/2022,"4,575.52"
29/03/2022,"4,631.60"
30/03/2022,"4,602.45"
31/03/2022,"4,530.41"
1/04/2022,"4,545.86"
4/04/2022,"4,582.64"
5/04/2022,"4,525.12"
6/04/2022,"4,481.15"
7/04/2022,"4,500.21"
8/04/2022,"4,488.28"
11/04/2022,"4,412.53"
12/04/2022,"4,397.45"
13/04/2022,"4,446.59"
14/04/2022,"4,392.59"
18/04/2022,"4,391.69"
19/04/2022,"4,462.21"
20/04/2022,"4,459.45"
21/04/2022,"4,393.66"
22/04/2022,"4,271.78"
25/04/2022,"4,296.12"
26/04/2022,"4,175.20"
27/04/2022,"4,183.96"
28/04/2022,"4,287.50"
29/04/2022,"4,131.93"
2/05/2022,"4,155.38"
3/05/2022,"4,175.48"
4/05/2022,"4,300.17"
5/05/2022,"4,152.38"
6/05/2022,"4,123.34"
9/05/2022,"3,991.24"
10/05/2022,"4,001.05"
11/05/2022,"3,935.18"
12/05/2022,"3,930.08"
13/05/2022,"4,023.89"
16/05/2022,"4,008.01"
17/05/2022,"4,088.85"
18/05/2022,"3,923.68"
19/05/2022,"3,900.79"
20/05/2022,"3,901.36"
23/05/2022,"3,973.75"
24/05/2022,"3,941.48"
25/05/2022,"3,978.73"
26/05/2022,"4,057.84"
27/05/2022,"4,158.24"
31/05/2022,"4,132.15"
1/06/2022,"4,101.23"
2/06/2022,"4,176.82"
3/06/2022,"4,108.54"
6/06/2022,"4,121.43"
7/06/2022,"4,160.68"
8/06/2022,"4,115.77"
9/06/2022,"4,017.82"
10/06/2022,"3,900.86"
13/06/2022,"3,749.63"
14/06/2022,"3,735.48"
15/06/2022,"3,789.99"
16/06/2022,"3,666.77"
17/06/2022,"3,674.84"
21/06/2022,"3,764.79"
22/06/2022,"3,759.89"
23/06/2022,"3,795.73"
24/06/2022,"3,911.74"
27/06/2022,"3,900.11"
28/06/2022,"3,821.55"
29/06/2022,"3,818.83"
30/06/2022,"3,785.38"
1/07/2022,"3,825.33"
5/07/2022,"3,831.39"
6/07/2022,"3,845.08"
7/07/2022,"3,902.62"
8/07/2022,"3,899.38"
11/07/2022,"3,854.43"
12/07/2022,"3,818.80"
13/07/2022,"3,801.78"
14/07/2022,"3,790.38"
15/07/2022,"3,863.16"
18/07/2022,"3,830.85"
19/07/2022,"3,936.69"
20/07/2022,"3,959.90"
21/07/2022,"3,998.95"
22/07/2022,"3,961.63"
25/07/2022,"3,966.84"
26/07/2022,"3,921.05"
27/07/2022,"4,023.61"
28/07/2022,"4,072.43"
29/07/2022,"4,130.29"
1/08/2022,"4,118.63"
2/08/2022,"4,091.19"
3/08/2022,"4,155.17"
4/08/2022,"4,151.94"
5/08/2022,"4,145.19"
8/08/2022,"4,140.06"
9/08/2022,"4,122.47"
10/08/2022,"4,210.24"
11/08/2022,"4,207.27"
12/08/2022,"4,280.15"
15/08/2022,"4,297.14"
16/08/2022,"4,305.20"
17/08/2022,"4,274.04"
18/08/2022,"4,283.74"
19/08/2022,"4,228.48"
22/08/2022,"4,137.99"
23/08/2022,"4,128.73"
24/08/2022,"4,140.77"
25/08/2022,"4,199.12"
26/08/2022,"4,057.66"
29/08/2022,"4,030.61"
30/08/2022,"3,986.16"
31/08/2022,"3,955.00"
1/09/2022,"3,966.85"
2/09/2022,"3,924.26"
6/09/2022,"3,908.19"
7/09/2022,"3,979.87"
8/09/2022,"4,006.18"
9/09/2022,"4,067.36"
12/09/2022,"4,110.41"
13/09/2022,"3,932.69"
14/09/2022,"3,946.01"
15/09/2022,"3,901.35"
16/09/2022,"3,873.33"
19/09/2022,"3,899.89"
20/09/2022,"3,855.93"
21/09/2022,"3,789.93"
22/09/2022,"3,757.99"
23/09/2022,"3,693.23"
26/09/2022,"3,655.04"
27/09/2022,"3,647.29"
28/09/2022,"3,719.04"
29/09/2022,"3,640.47"
30/09/2022,"3,585.62"
3/10/2022,"3,678.43"
4/10/2022,"3,790.93"
5/10/2022,"3,783.28"
6/10/2022,"3,744.52"
7/10/2022,"3,639.66"
10/10/2022,"3,612.39"
11/10/2022,"3,588.84"
12/10/2022,"3,577.03"
13/10/2022,"3,669.91"
14/10/2022,"3,583.07"
17/10/2022,"3,677.95"
18/10/2022,"3,719.98"
19/10/2022,"3,695.16"
20/10/2022,"3,665.78"
21/10/2022,"3,752.75"
24/10/2022,"3,797.34"
25/10/2022,"3,859.11"
26/10/2022,"3,830.60"
27/10/2022,"3,807.30"
28/10/2022,"3,901.06"
31/10/2022,"3,871.98"
1/11/2022,"3,856.10"
2/11/2022,"3,759.69"
3/11/2022,"3,719.89"
4/11/2022,"3,770.55"
7/11/2022,"3,806.80"
8/11/2022,"3,828.11"
9/11/2022,"3,748.57"
10/11/2022,"3,956.37"
11/11/2022,"3,992.93"
14/11/2022,"3,957.25"
15/11/2022,"3,991.73"
16/11/2022,"3,958.79"
17/11/2022,"3,946.56"
18/11/2022,"3,965.34"
21/11/2022,"3,949.94"
22/11/2022,"4,003.58"
23/11/2022,"4,027.26"
25/11/2022,"4,026.12"
28/11/2022,"3,963.94"
29/11/2022,"3,957.63"
30/11/2022,"4,080.11"
1/12/2022,"4,076.57"
2/12/2022,"4,071.70"
5/12/2022,"3,998.84"
6/12/2022,"3,941.26"
7/12/2022,"3,933.92"
8/12/2022,"3,963.51"
9/12/2022,"3,934.38"
12/12/2022,"3,990.56"
13/12/2022,"4,019.65"
14/12/2022,"3,995.32"
15/12/2022,"3,895.75"
16/12/2022,"3,852.36"
19/12/2022,"3,817.66"
20/12/2022,"3,821.62"
21/12/2022,"3,878.44"
22/12/2022,"3,822.39"
23/12/2022,"3,844.82"
27/12/2022,"3,829.25"
28/12/2022,"3,783.22"
29/12/2022,"3,849.28"
30/12/2022,"3,839.50"
3/01/2023,"3,824.14"
4/01/2023,"3,852.97"
5/01/2023,"3,808.10"
6/01/2023,"3,895.08"
9/01/2023,"3,892.09"
10/01/2023,"3,919.25"
11/01/2023,"3,969.61"
12/01/2023,"3,983.17"
13/01/2023,"3,999.09"
17/01/2023,"3,990.97"
18/01/2023,"3,928.86"
19/01/2023,"3,898.85"
20/01/2023,"3,972.61"
23/01/2023,"4,019.81"
24/01/2023,"4,016.95"
25/01/2023,"4,016.22"
26/01/2023,"4,060.43"
27/01/2023,"4,070.56"
30/01/2023,"4,017.77"
31/01/2023,"4,076.60"
1/02/2023,"4,119.21"
2/02/2023,"4,179.76"
3/02/2023,"4,136.48"
6/02/2023,"4,111.08"
7/02/2023,"4,164.00"
8/02/2023,"4,117.86"
9/02/2023,"4,081.50"
10/02/2023,"4,090.46"
13/02/2023,"4,137.29"
14/02/2023,"4,136.13"
15/02/2023,"4,147.60"
16/02/2023,"4,090.41"
17/02/2023,"4,079.09"
21/02/2023,"3,997.34"
22/02/2023,"3,991.05"
23/02/2023,"4,012.32"
24/02/2023,"3,970.04"
27/02/2023,"3,982.24"
28/02/2023,"3,970.15"
1/03/2023,"3,951.39"
2/03/2023,"3,981.35"
3/03/2023,"4,045.64"
6/03/2023,"4,048.42"
7/03/2023,"3,986.37"
8/03/2023,"3,992.01"
9/03/2023,"3,918.32"
10/03/2023,"3,861.59"
13/03/2023,"3,855.76"
14/03/2023,"3,920.56"
15/03/2023,"3,891.93"
16/03/2023,"3,960.28"
17/03/2023,"3,916.64"
20/03/2023,"3,951.57"
21/03/2023,"4,002.87"
22/03/2023,"3,936.97"
23/03/2023,"3,948.72"
24/03/2023,"3,970.99"
27/03/2023,"3,977.53"
28/03/2023,"3,971.27"
29/03/2023,"4,027.81"
30/03/2023,"4,050.83"
31/03/2023,"4,109.31"
3/04/2023,"4,124.51"
4/04/2023,"4,100.60"
5/04/2023,"4,090.38"
6/04/2023,"4,105.02"
10/04/2023,"4,109.11"
11/04/2023,"4,108.94"
12/04/2023,"4,091.95"
13/04/2023,"4,146.22"
14/04/2023,"4,137.64"
17/04/2023,"4,151.32"
18/04/2023,"4,154.87"
19/04/2023,"4,154.52"
20/04/2023,"4,129.79"
21/04/2023,"4,133.52"
24/04/2023,"4,137.04"
25/04/2023,"4,071.63"
26/04/2023,"4,055.99"
27/04/2023,"4,135.35"
28/04/2023,"4,169.48"
1/05/2023,"4,167.87"
2/05/2023,"4,119.58"
3/05/2023,"4,090.75"
4/05/2023,"4,061.22"
5/05/2023,"4,136.25"
8/05/2023,"4,138.12"
9/05/2023,"4,119.17"
10/05/2023,"4,137.64"
11/05/2023,"4,130.62"
12/05/2023,"4,124.08"
15/05/2023,"4,136.28"
16/05/2023,"4,109.90"
17/05/2023,"4,158.77"
18/05/2023,"4,198.05"
19/05/2023,"4,191.98"
22/05/2023,"4,192.63"
23/05/2023,"4,145.58"
24/05/2023,"4,115.24"
25/05/2023,"4,151.28"
26/05/2023,"4,205.45"
30/05/2023,"4,205.52"
31/05/2023,"4,179.83"
1/06/2023,"4,221.02"
2/06/2023,"4,282.37"
5/06/2023,"4,273.79"
6/06/2023,"4,283.85"
7/06/2023,"4,267.52"
8/06/2023,"4,293.93"
9/06/2023,"4,298.86"
12/06/2023,"4,338.93"
13/06/2023,"4,369.01"
14/06/2023,"4,372.59"
15/06/2023,"4,425.84"
16/06/2023,"4,409.59"
20/06/2023,"4,388.71"
21/06/2023,"4,365.69"
22/06/2023,"4,381.89"
23/06/2023,"4,348.33"
26/06/2023,"4,328.82"
27/06/2023,"4,378.41"
28/06/2023,"4,376.86"
29/06/2023,"4,396.44"
30/06/2023,"4,450.38"
3/07/2023,"4,455.59"
5/07/2023,"4,446.82"
6/07/2023,"4,411.59"
7/07/2023,"4,398.95"
10/07/2023,"4,409.53"
11/07/2023,"4,439.26"
12/07/2023,"4,472.16"
13/07/2023,"4,510.04"
14/07/2023,"4,505.42"
17/07/2023,"4,522.79"
18/07/2023,"4,554.98"
19/07/2023,"4,565.72"
20/07/2023,"4,534.87"
21/07/2023,"4,536.34"
24/07/2023,"4,554.64"
25/07/2023,"4,567.46"
26/07/2023,"4,566.75"
27/07/2023,"4,537.41"
28/07/2023,"4,582.23"
31/07/2023,"4,588.96"
1/08/2023,"4,576.73"
2/08/2023,"4,513.39"
3/08/2023,"4,501.89"
4/08/2023,"4,478.03"
7/08/2023,"4,518.44"
8/08/2023,"4,499.38"
9/08/2023,"4,467.71"
10/08/2023,"4,468.83"
11/08/2023,"4,464.05"
14/08/2023,"4,489.72"
15/08/2023,"4,437.86"
16/08/2023,"4,404.33"
17/08/2023,"4,370.36"
18/08/2023,"4,369.71"
21/08/2023,"4,399.77"
22/08/2023,"4,387.55"
23/08/2023,"4,436.01"
24/08/2023,"4,376.31"
25/08/2023,"4,405.71"
28/08/2023,"4,433.31"
29/08/2023,"4,497.63"
30/08/2023,"4,514.87"
31/08/2023,"4,507.66"
1/09/2023,"4,515.77"
5/09/2023,"4,496.83"
6/09/2023,"4,465.48"
7/09/2023,"4,451.14"
8/09/2023,"4,457.49"
11/09/2023,"4,487.46"
12/09/2023,"4,461.90"
13/09/2023,"4,467.44"
14/09/2023,"4,505.10"
15/09/2023,"4,450.32"
18/09/2023,"4,453.53"
19/09/2023,"4,443.95"
20/09/2023,"4,402.20"
21/09/2023,"4,330.00"
22/09/2023,"4,320.06"
25/09/2023,"4,337.44"
26/09/2023,"4,273.53"
27/09/2023,"4,274.51"
28/09/2023,"4,299.70"
29/09/2023,"4,288.05"
2/10/2023,"4,288.39"
3/10/2023,"4,229.45"
4/10/2023,"4,263.75"
5/10/2023,"4,258.19"
6/10/2023,"4,308.50"
9/10/2023,"4,335.66"
10/10/2023,"4,358.24"
11/10/2023,"4,376.95"
12/10/2023,"4,349.61"
13/10/2023,"4,327.78"
16/10/2023,"4,373.63"
17/10/2023,"4,373.20"
18/10/2023,"4,314.60"
19/10/2023,"4,278.00"
20/10/2023,"4,224.16"
23/10/2023,"4,217.04"
24/10/2023,"4,247.68"
25/10/2023,"4,186.77"
26/10/2023,"4,137.23"
27/10/2023,"4,117.37"
30/10/2023,"4,166.82"
31/10/2023,"4,193.80"
1/11/2023,"4,237.86"
2/11/2023,"4,317.78"
3/11/2023,"4,358.34"
6/11/2023,"4,365.98"
7/11/2023,"4,378.38"
8/11/2023,"4,382.78"
9/11/2023,"4,347.35"
10/11/2023,"4,415.24"
13/11/2023,"4,411.55"
14/11/2023,"4,495.70"
15/11/2023,"4,502.88"
16/11/2023,"4,508.24"
17/11/2023,"4,514.02"
20/11/2023,"4,547.38"
21/11/2023,"4,538.19"
22/11/2023,"4,556.62"
24/11/2023,"4,559.34"
27/11/2023,"4,550.43"
28/11/2023,"4,554.89"
29/11/2023,"4,550.58"
30/11/2023,"4,567.78"
1/12/2023,"4,594.63"
4/12/2023,"4,569.78"
5/12/2023,"4,567.18"
6/12/2023,"4,549.34"
7/12/2023,"4,585.59"
8/12/2023,"4,604.37"
11/12/2023,"4,622.44"
12/12/2023,"4,643.70"
13/12/2023,"4,707.09"
14/12/2023,"4,719.55"
15/12/2023,"4,719.19"
18/12/2023,"4,740.56"
19/12/2023,"4,768.37"
20/12/2023,"4,701.19"
21/12/2023,"4,746.75"
22/12/2023,"4,754.63"
26/12/2023,"4,774.75"
27/12/2023,"4,781.58"
28/12/2023,"4,783.35"
29/12/2023,"4,769.83"
2/01/2024,"4,742.83"
3/01/2024,"4,704.81"
4/01/2024,"4,688.68"
5/01/2024,"4,697.24"
8/01/2024,"4,763.54"
9/01/2024,"4,756.50"
10/01/2024,"4,783.45"
11/01/2024,"4,780.24"
12/01/2024,"4,783.83"
16/01/2024,"4,762.85"
17/01/2024,"4,739.21"
18/01/2024,"4,780.94"
19/01/2024,"4,839.81"
22/01/2024,"4,850.43"
23/01/2024,"4,864.60"
24/01/2024,"4,868.55"
25/01/2024,"4,894.16"
26/01/2024,"4,890.97"
29/01/2024,"4,927.93"
30/01/2024,"4,924.97"
31/01/2024,"4,848.87"
1/02/2024,"4,906.19"
2/02/2024,"4,958.61"
5/02/2024,"4,942.81"
6/02/2024,"4,954.23"
7/02/2024,"4,995.06"
8/02/2024,"4,997.91"
9/02/2024,"5,026.61"
12/02/2024,"5,021.84"
13/02/2024,"4,953.17"
14/02/2024,"5,000.62"
15/02/2024,"5,029.73"
16/02/2024,"5,005.57"
20/02/2024,"4,975.51"
21/02/2024,"4,981.80"
22/02/2024,"5,087.03"
23/02/2024,"5,088.80"
26/02/2024,"5,069.53"
27/02/2024,"5,078.20"
28/02/2024,"5,069.76"
29/02/2024,"5,096.27"
1/03/2024,"5,137.09"
4/03/2024,"5,130.95"
5/03/2024,"5,078.65"
6/03/2024,"5,104.76"
7/03/2024,"5,157.36"
8/03/2024,"5,123.69"
11/03/2024,"5,117.94"
12/03/2024,"5,175.27"
13/03/2024,"5,165.31"
14/03/2024,"5,150.48"
15/03/2024,"5,117.09"
18/03/2024,"5,149.42"
19/03/2024,"5,178.51"
20/03/2024,"5,224.62"
21/03/2024,"5,241.53"
22/03/2024,"5,234.18"
25/03/2024,"5,218.19"
26/03/2024,"5,203.58"
27/03/2024,"5,248.49"
28/03/2024,"5,254.35"
1/04/2024,"5,243.77"
